url,product_id,title,price,timestamp,category,scraped
https://www.amazon.com/First-Years-Stack-Up-Cups/dp/B00005C5H4/ref=zg_bs_toys-and-games_27/135-2413319-0807734?_encoding=UTF8&psc=1&refRID=44NCX6KRMHJ499PBSHPY,B00005C5H4,,,,,
https://www.amazon.com/Crayola-Markers-Assorted-Colors-Coloring/dp/B01C64BASI/ref=zg_bs_toys-and-games_40/132-9403381-7063669?_encoding=UTF8&psc=1&refRID=5WHBE334RDFR5WNNK37N,B01C64BASI,"Crayola Fine Line Markers Adult Coloring Set, Gift Age 12+ - 40 Count",$12.99,1587710255.374097,"{'name': 'toys-and-games', 'url': 'https://www.amazon.com/Best-Sellers-Toys-Games/zgbs/toys-and-games/'}",1.0
https://www.amazon.com/Crayola-Washable-Sidewalk-Outdoor-Exclusive/dp/B00LH1WN4W/ref=zg_bs_toys-and-games_38/132-9403381-7063669?_encoding=UTF8&psc=1&refRID=5WHBE334RDFR5WNNK37N,B00LH1WN4W,,,1587710259.563987,"{'name': 'toys-and-games', 'url': 'https://www.amazon.com/Best-Sellers-Toys-Games/zgbs/toys-and-games/'}",1.0
https://www.amazon.com/Crayola-Colored-Pre-sharpened-Coloring-Stocking/dp/B018HB2QFU/ref=zg_bs_toys-and-games_10/132-9403381-7063669?_encoding=UTF8&psc=1&refRID=5WHBE334RDFR5WNNK37N,B018HB2QFU,"Crayola Colored Pencils, Adult Coloring, Fun At Home Activities, 50 Count",$19.38,1587710263.896691,"{'name': 'toys-and-games', 'url': 'https://www.amazon.com/Best-Sellers-Toys-Games/zgbs/toys-and-games/'}",1.0
https://www.amazon.com/L-L-Surprise-Candylicious-Multicolor/dp/B07XSQ3BYJ/ref=zg_bs_toys-and-games_47/132-9403381-7063669?_encoding=UTF8&psc=1&refRID=5WHBE334RDFR5WNNK37N,B07XSQ3BYJ,"L.O.L. Surprise! O.M.G. Candylicious Fashion Doll with 20 Surprises,Multicolor",$26.88,1587710268.433438,"{'name': 'toys-and-games', 'url': 'https://www.amazon.com/Best-Sellers-Toys-Games/zgbs/toys-and-games/'}",1.0
https://www.amazon.com/Melissa-Doug-Pretend-Frustration-Free-Packaging/dp/B07PBXRJ7G/ref=zg_bs_toys-and-games_43/132-9403381-7063669?_encoding=UTF8&psc=1&refRID=5WHBE334RDFR5WNNK37N,B07PBXRJ7G,Melissa & Doug Dust! Sweep! Mop! (Frustration Free Packaging),$25.09,1587710272.918818,"{'name': 'toys-and-games', 'url': 'https://www.amazon.com/Best-Sellers-Toys-Games/zgbs/toys-and-games/'}",1.0
https://www.amazon.com/Aqua-Monterey-Multi-Purpose-Inflatable-Portable/dp/B073WMYP6M/ref=zg_bs_toys-and-games_26/132-9403381-7063669?_encoding=UTF8&psc=1&refRID=5WHBE334RDFR5WNNK37N,B073WMYP6M,"Aqua 4-in-1 Monterey Hammock Inflatable Pool Float, Multi-Purpose Pool Hammock (Saddle, Lounge Chair, Hammock, Drifter) Pool Chair, Portable Water Hammock, Navy/White Stripe",$15.07,1587710277.388575,"{'name': 'toys-and-games', 'url': 'https://www.amazon.com/Best-Sellers-Toys-Games/zgbs/toys-and-games/'}",1.0
https://www.amazon.com/Nuby-Floating-Purple-Octopus-Interactive/dp/B083ZZSGLR/ref=zg_bs_toys-and-games_49/132-9403381-7063669?_encoding=UTF8&psc=1&refRID=5WHBE334RDFR5WNNK37N,B083ZZSGLR,Nuby Floating Purple Octopus with 3 Hoopla Rings Interactive Bath Toy,$6.89,1587710281.4547448,"{'name': 'toys-and-games', 'url': 'https://www.amazon.com/Best-Sellers-Toys-Games/zgbs/toys-and-games/'}",1.0
https://www.amazon.com/Munchkin-17040-Fishin-Bath-Toy/dp/B01N52DUNK/ref=zg_bs_toys-and-games_48/132-9403381-7063669?_encoding=UTF8&psc=1&refRID=5WHBE334RDFR5WNNK37N,B01N52DUNK,Munchkin Fishin' Bath Toy,$7.73,1587710285.889804,"{'name': 'toys-and-games', 'url': 'https://www.amazon.com/Best-Sellers-Toys-Games/zgbs/toys-and-games/'}",1.0
https://www.amazon.com/LEGO-Classic-Green-Baseplate-Supplement/dp/B00NHQF65S/ref=zg_bs_toys-and-games_14/132-9403381-7063669?_encoding=UTF8&psc=1&refRID=5WHBE334RDFR5WNNK37N,B00NHQF65S,,,1587710289.887776,"{'name': 'toys-and-games', 'url': 'https://www.amazon.com/Best-Sellers-Toys-Games/zgbs/toys-and-games/'}",1.0
https://www.amazon.com/Kinetic-Sand-Beach-Kingdom-Playset/dp/B079P87RVB/ref=zg_bs_toys-and-games_41/132-9403381-7063669?_encoding=UTF8&psc=1&refRID=5WHBE334RDFR5WNNK37N,B079P87RVB,,,1587710289.896173,"{'name': 'toys-and-games', 'url': 'https://www.amazon.com/Best-Sellers-Toys-Games/zgbs/toys-and-games/'}",1.0
https://www.amazon.com/Regal-Games-Chalk-City-Washable/dp/B071CKSMS7/ref=zg_bs_toys-and-games_4/132-9403381-7063669?_encoding=UTF8&psc=1&refRID=5WHBE334RDFR5WNNK37N,B071CKSMS7,,,1587710289.903906,"{'name': 'toys-and-games', 'url': 'https://www.amazon.com/Best-Sellers-Toys-Games/zgbs/toys-and-games/'}",1.0
https://www.amazon.com/Melissa-Doug-Activity-Child-Safe-Scissors/dp/B00EJAEUBC/ref=zg_bs_toys-and-games_15/132-9403381-7063669?_encoding=UTF8&psc=1&refRID=5WHBE334RDFR5WNNK37N,B00EJAEUBC,,,1587710289.909732,"{'name': 'toys-and-games', 'url': 'https://www.amazon.com/Best-Sellers-Toys-Games/zgbs/toys-and-games/'}",1.0
https://www.amazon.com/Crayola-Washable-Glitter-Exclusive-Stocking/dp/B07BYWS5XW/ref=zg_bs_toys-and-games_32/132-9403381-7063669?_encoding=UTF8&psc=1&refRID=5WHBE334RDFR5WNNK37N,B07BYWS5XW,,,1587710289.914969,"{'name': 'toys-and-games', 'url': 'https://www.amazon.com/Best-Sellers-Toys-Games/zgbs/toys-and-games/'}",1.0
https://www.amazon.com/Crayola-Outdoor-Glitter-Sidewalk-Summer/dp/B00PY47F8M/ref=zg_bs_toys-and-games_16/132-9403381-7063669?_encoding=UTF8&psc=1&refRID=5WHBE334RDFR5WNNK37N,B00PY47F8M,,,1587710289.921014,"{'name': 'toys-and-games', 'url': 'https://www.amazon.com/Best-Sellers-Toys-Games/zgbs/toys-and-games/'}",1.0
https://www.amazon.com/First-Years-Stack-Up-Cups/dp/B00005C5H4/ref=zg_bs_toys-and-games_27/132-9403381-7063669?_encoding=UTF8&psc=1&refRID=5WHBE334RDFR5WNNK37N,B00005C5H4,,,1587710289.9262118,"{'name': 'toys-and-games', 'url': 'https://www.amazon.com/Best-Sellers-Toys-Games/zgbs/toys-and-games/'}",1.0
https://www.amazon.com/SunWorks-Construction-Assorted-Colors-Sheets/dp/B0017OJKLI/ref=zg_bs_toys-and-games_45/132-9403381-7063669?_encoding=UTF8&psc=1&refRID=5WHBE334RDFR5WNNK37N,B0017OJKLI,,,1587710289.930858,"{'name': 'toys-and-games', 'url': 'https://www.amazon.com/Best-Sellers-Toys-Games/zgbs/toys-and-games/'}",1.0
https://www.amazon.com/Creativity-Kids-Grow-Glow-Terrarium/dp/B00I9KDFK0/ref=zg_bs_toys-and-games_9/132-9403381-7063669?_encoding=UTF8&psc=1&refRID=5WHBE334RDFR5WNNK37N,B00I9KDFK0,,,1587710289.936424,"{'name': 'toys-and-games', 'url': 'https://www.amazon.com/Best-Sellers-Toys-Games/zgbs/toys-and-games/'}",1.0
https://www.amazon.com/Crayola-Twistables-Colored-Exclusive-Stocking/dp/B07D4RN9NH/ref=zg_bs_toys-and-games_36/132-9403381-7063669?_encoding=UTF8&psc=1&refRID=5WHBE334RDFR5WNNK37N,B07D4RN9NH,,,1587710289.941618,"{'name': 'toys-and-games', 'url': 'https://www.amazon.com/Best-Sellers-Toys-Games/zgbs/toys-and-games/'}",1.0
https://www.amazon.com/Disney-Princess-Necklace-Activity-Set/dp/B0747ZGTTG/ref=zg_bs_toys-and-games_25/132-9403381-7063669?_encoding=UTF8&psc=1&refRID=5WHBE334RDFR5WNNK37N,B0747ZGTTG,,,1587710289.946303,"{'name': 'toys-and-games', 'url': 'https://www.amazon.com/Best-Sellers-Toys-Games/zgbs/toys-and-games/'}",1.0
https://www.amazon.com/Creative-Roots-Stepping-Horizon-Assorted/dp/B07HSJ5R7V/ref=zg_bs_toys-and-games_50/132-9403381-7063669?_encoding=UTF8&psc=1&refRID=5WHBE334RDFR5WNNK37N,B07HSJ5R7V,,,1587710289.951551,"{'name': 'toys-and-games', 'url': 'https://www.amazon.com/Best-Sellers-Toys-Games/zgbs/toys-and-games/'}",1.0
https://www.amazon.com/Battleship-Planes-Strategy-Amazon-Exclusive/dp/B06Y1N3PTX/ref=zg_bs_toys-and-games_22/132-9403381-7063669?_encoding=UTF8&psc=1&refRID=5WHBE334RDFR5WNNK37N,B06Y1N3PTX,,,1587710289.95747,"{'name': 'toys-and-games', 'url': 'https://www.amazon.com/Best-Sellers-Toys-Games/zgbs/toys-and-games/'}",1.0
https://www.amazon.com/SplashEZ-Sprinkler-Splash-Wading-Learning/dp/B07MNMT3M7/ref=zg_bs_toys-and-games_23/132-9403381-7063669?_encoding=UTF8&psc=1&refRID=5WHBE334RDFR5WNNK37N,B07MNMT3M7,,,1587710289.962267,"{'name': 'toys-and-games', 'url': 'https://www.amazon.com/Best-Sellers-Toys-Games/zgbs/toys-and-games/'}",1.0
https://www.amazon.com/Crayola-Washable-Watercolors-8-ea/dp/B000HHKAE2/ref=zg_bs_toys-and-games_21/132-9403381-7063669?_encoding=UTF8&psc=1&refRID=5WHBE334RDFR5WNNK37N,B000HHKAE2,,,1587710289.966886,"{'name': 'toys-and-games', 'url': 'https://www.amazon.com/Best-Sellers-Toys-Games/zgbs/toys-and-games/'}",1.0
https://www.amazon.com/L-L-Surprise-Sparkle-Multicolor/dp/B07PQVRPR1/ref=zg_bs_toys-and-games_11/132-9403381-7063669?_encoding=UTF8&psc=1&refRID=5WHBE334RDFR5WNNK37N,B07PQVRPR1,,,1587710289.97178,"{'name': 'toys-and-games', 'url': 'https://www.amazon.com/Best-Sellers-Toys-Games/zgbs/toys-and-games/'}",1.0
https://www.amazon.com/LEGO-Classic-Medium-Creative-Brick/dp/B00NHQFA1I/ref=zg_bs_toys-and-games_19/132-9403381-7063669?_encoding=UTF8&psc=1&refRID=5WHBE334RDFR5WNNK37N,B00NHQFA1I,,,1587710289.9772902,"{'name': 'toys-and-games', 'url': 'https://www.amazon.com/Best-Sellers-Toys-Games/zgbs/toys-and-games/'}",1.0
https://www.amazon.com/Darice-Solution-Top-Works-Machines-Birthdays/dp/B07RYBB4NZ/ref=zg_bs_toys-and-games_7/132-9403381-7063669?_encoding=UTF8&psc=1&refRID=5WHBE334RDFR5WNNK37N,B07RYBB4NZ,,,1587710289.9820518,"{'name': 'toys-and-games', 'url': 'https://www.amazon.com/Best-Sellers-Toys-Games/zgbs/toys-and-games/'}",1.0
https://www.amazon.com/Bunch-Balloons-Pack-Amazon-Exclusive/dp/B07GW2QQWN/ref=zg_bs_toys-and-games_28/132-9403381-7063669?_encoding=UTF8&psc=1&refRID=5WHBE334RDFR5WNNK37N,B07GW2QQWN,,,1587710289.987058,"{'name': 'toys-and-games', 'url': 'https://www.amazon.com/Best-Sellers-Toys-Games/zgbs/toys-and-games/'}",1.0
https://www.amazon.com/Cards-Against-Humanity-LLC-CAHUS/dp/B004S8F7QM/ref=zg_bs_toys-and-games_13/132-9403381-7063669?_encoding=UTF8&psc=1&refRID=5WHBE334RDFR5WNNK37N,B004S8F7QM,,,1587710289.992195,"{'name': 'toys-and-games', 'url': 'https://www.amazon.com/Best-Sellers-Toys-Games/zgbs/toys-and-games/'}",1.0
https://www.amazon.com/Crayola-Erasable-Non-Toxic-Pre-Sharpened-Gradation/dp/B000PCWKBA/ref=zg_bs_toys-and-games_20/132-9403381-7063669?_encoding=UTF8&psc=1&refRID=5WHBE334RDFR5WNNK37N,B000PCWKBA,,,1587710289.997542,"{'name': 'toys-and-games', 'url': 'https://www.amazon.com/Best-Sellers-Toys-Games/zgbs/toys-and-games/'}",1.0
https://www.amazon.com/Chalk-Jumbo-Sidewalk-Count-colors/dp/B079WL9MXC/ref=zg_bs_toys-and-games_31/132-9403381-7063669?_encoding=UTF8&psc=1&refRID=5WHBE334RDFR5WNNK37N,B079WL9MXC,,,1587710290.0027132,"{'name': 'toys-and-games', 'url': 'https://www.amazon.com/Best-Sellers-Toys-Games/zgbs/toys-and-games/'}",1.0
https://www.amazon.com/Hasbro-A5640-Connect-4-Game/dp/B00D8STBHY/ref=zg_bs_toys-and-games_2/132-9403381-7063669?_encoding=UTF8&psc=1&refRID=5WHBE334RDFR5WNNK37N,B00D8STBHY,,,1587710290.007946,"{'name': 'toys-and-games', 'url': 'https://www.amazon.com/Best-Sellers-Toys-Games/zgbs/toys-and-games/'}",1.0
https://www.amazon.com/Play-Doh-Modeling-Compound-Non-Toxic-Exclusive/dp/B00JM5GZGW/ref=zg_bs_toys-and-games_17/132-9403381-7063669?_encoding=UTF8&psc=1&refRID=5WHBE334RDFR5WNNK37N,B00JM5GZGW,,,1587710290.012641,"{'name': 'toys-and-games', 'url': 'https://www.amazon.com/Best-Sellers-Toys-Games/zgbs/toys-and-games/'}",1.0
https://www.amazon.com/Jenga-A2120EU4-Classic-Game/dp/B00ABA0ZOA/ref=zg_bs_toys-and-games_1/132-9403381-7063669?_encoding=UTF8&psc=1&refRID=5WHBE334RDFR5WNNK37N,B00ABA0ZOA,,,1587710290.0175052,"{'name': 'toys-and-games', 'url': 'https://www.amazon.com/Best-Sellers-Toys-Games/zgbs/toys-and-games/'}",1.0
https://www.amazon.com/Little-Tikes-Spiralin-Waterpark-Table/dp/B004INDQWY/ref=zg_bs_toys-and-games_37/132-9403381-7063669?_encoding=UTF8&psc=1&refRID=5WHBE334RDFR5WNNK37N,B004INDQWY,,,1587710290.022307,"{'name': 'toys-and-games', 'url': 'https://www.amazon.com/Best-Sellers-Toys-Games/zgbs/toys-and-games/'}",1.0
https://www.amazon.com/Crayola-Washable-Special-Sidewalk-Anti-Roll/dp/B00PY47LHW/ref=zg_bs_toys-and-games_42/132-9403381-7063669?_encoding=UTF8&psc=1&refRID=5WHBE334RDFR5WNNK37N,B00PY47LHW,,,1587710290.0272698,"{'name': 'toys-and-games', 'url': 'https://www.amazon.com/Best-Sellers-Toys-Games/zgbs/toys-and-games/'}",1.0
https://www.amazon.com/Elmers-Liquid-Glitter-Washable-Assorted/dp/B008M56YZU/ref=zg_bs_toys-and-games_39/132-9403381-7063669?_encoding=UTF8&psc=1&refRID=5WHBE334RDFR5WNNK37N,B008M56YZU,,,1587710290.032026,"{'name': 'toys-and-games', 'url': 'https://www.amazon.com/Best-Sellers-Toys-Games/zgbs/toys-and-games/'}",1.0
https://www.amazon.com/Postage-Stamps-envelopes-Wayne-Global/dp/B081J497K2/ref=zg_bs_toys-and-games_44/132-9403381-7063669?_encoding=UTF8&psc=1&refRID=5WHBE334RDFR5WNNK37N,B081J497K2,,,1587710290.037185,"{'name': 'toys-and-games', 'url': 'https://www.amazon.com/Best-Sellers-Toys-Games/zgbs/toys-and-games/'}",1.0
https://www.amazon.com/Jenga-A2120EU4-Classic-Game/dp/B00ABA0ZOA/ref=zg_bs_toys-and-games_map_1/132-9403381-7063669?_encoding=UTF8&psc=1&refRID=5WHBE334RDFR5WNNK37N,B00ABA0ZOA,,,1587710290.043119,"{'name': 'toys-and-games', 'url': 'https://www.amazon.com/Best-Sellers-Toys-Games/zgbs/toys-and-games/'}",1.0
https://www.amazon.com/Melissa-Doug-Decorate-Your-Own-Butterfly-Magnets/dp/B00Y8YOVOA/ref=zg_bs_toys-and-games_12/132-9403381-7063669?_encoding=UTF8&psc=1&refRID=5WHBE334RDFR5WNNK37N,B00Y8YOVOA,,,1587710290.048057,"{'name': 'toys-and-games', 'url': 'https://www.amazon.com/Best-Sellers-Toys-Games/zgbs/toys-and-games/'}",1.0
https://www.amazon.com/SunWorks-Construction-Paper-White-Sheets/dp/B0017OHG1O/ref=zg_bs_toys-and-games_35/132-9403381-7063669?_encoding=UTF8&psc=1&refRID=5WHBE334RDFR5WNNK37N,B0017OHG1O,,,1587710290.053186,"{'name': 'toys-and-games', 'url': 'https://www.amazon.com/Best-Sellers-Toys-Games/zgbs/toys-and-games/'}",1.0
https://www.amazon.com/Play-Doh-A5417-Sparkle-Compound-Collection/dp/B00IGNWYNE/ref=zg_bs_toys-and-games_5/132-9403381-7063669?_encoding=UTF8&psc=1&refRID=5WHBE334RDFR5WNNK37N,B00IGNWYNE,,,1587710290.058106,"{'name': 'toys-and-games', 'url': 'https://www.amazon.com/Best-Sellers-Toys-Games/zgbs/toys-and-games/'}",1.0
https://www.amazon.com/L-L-Surprise-Surprises-Including/dp/B07XSPCBVP/ref=zg_bs_toys-and-games_24/132-9403381-7063669?_encoding=UTF8&psc=1&refRID=5WHBE334RDFR5WNNK37N,B07XSPCBVP,,,1587710290.0627391,"{'name': 'toys-and-games', 'url': 'https://www.amazon.com/Best-Sellers-Toys-Games/zgbs/toys-and-games/'}",1.0
https://www.amazon.com/Hasbro-B0965-Monopoly-Deal-Card/dp/B00NQQTZCO/ref=zg_bs_toys-and-games_18/132-9403381-7063669?_encoding=UTF8&psc=1&refRID=5WHBE334RDFR5WNNK37N,B00NQQTZCO,,,1587710290.067344,"{'name': 'toys-and-games', 'url': 'https://www.amazon.com/Best-Sellers-Toys-Games/zgbs/toys-and-games/'}",1.0
https://www.amazon.com/FoxPrint-Princess-conveniently-Carrying-Foldable/dp/B0120XRWLE/ref=zg_bs_toys-and-games_34/132-9403381-7063669?_encoding=UTF8&psc=1&refRID=5WHBE334RDFR5WNNK37N,B0120XRWLE,,,1587710290.072461,"{'name': 'toys-and-games', 'url': 'https://www.amazon.com/Best-Sellers-Toys-Games/zgbs/toys-and-games/'}",1.0
https://www.amazon.com/Step2-874600-Showers-Playset-Multi-Colored/dp/B01K1K0K6M/ref=zg_bs_toys-and-games_6/132-9403381-7063669?_encoding=UTF8&psc=1&refRID=5WHBE334RDFR5WNNK37N,B01K1K0K6M,,,1587710290.077852,"{'name': 'toys-and-games', 'url': 'https://www.amazon.com/Best-Sellers-Toys-Games/zgbs/toys-and-games/'}",1.0
https://www.amazon.com/Taco-Cat-Goat-Cheese-Pizza/dp/B077Z1R28P/ref=zg_bs_toys-and-games_30/132-9403381-7063669?_encoding=UTF8&psc=1&refRID=5WHBE334RDFR5WNNK37N,B077Z1R28P,,,1587710290.082508,"{'name': 'toys-and-games', 'url': 'https://www.amazon.com/Best-Sellers-Toys-Games/zgbs/toys-and-games/'}",1.0
https://www.amazon.com/Learning-Resources-Spike-Hedgehog-Sensory/dp/B078WM314M/ref=zg_bs_toys-and-games_33/132-9403381-7063669?_encoding=UTF8&psc=1&refRID=5WHBE334RDFR5WNNK37N,B078WM314M,,,1587710290.087896,"{'name': 'toys-and-games', 'url': 'https://www.amazon.com/Best-Sellers-Toys-Games/zgbs/toys-and-games/'}",1.0
https://www.amazon.com/Crayola-Twistables-Classrooms-Preschools-Self-Sharpening/dp/B00062J99K/ref=zg_bs_toys-and-games_8/132-9403381-7063669?_encoding=UTF8&psc=1&refRID=5WHBE334RDFR5WNNK37N,B00062J99K,,,1587710290.092733,"{'name': 'toys-and-games', 'url': 'https://www.amazon.com/Best-Sellers-Toys-Games/zgbs/toys-and-games/'}",1.0
https://www.amazon.com/Insect-Lore-Butterfly-Growing-Kit/dp/B00000ISC5/ref=zg_bs_toys-and-games_3/132-9403381-7063669?_encoding=UTF8&psc=1&refRID=5WHBE334RDFR5WNNK37N,B00000ISC5,,,1587710290.0978198,"{'name': 'toys-and-games', 'url': 'https://www.amazon.com/Best-Sellers-Toys-Games/zgbs/toys-and-games/'}",1.0
https://www.amazon.com/ThinkFun-Zingo-Winning-Pre-Readers-Readers/dp/B01DY818JG/ref=zg_bs_toys-and-games_46/132-9403381-7063669?_encoding=UTF8&psc=1&refRID=5WHBE334RDFR5WNNK37N,B01DY818JG,,,1587710290.103166,"{'name': 'toys-and-games', 'url': 'https://www.amazon.com/Best-Sellers-Toys-Games/zgbs/toys-and-games/'}",1.0
https://www.amazon.com/Crayola-Crayons-Assorted-Toddler-16Count/dp/B07L6VQDSC/ref=zg_bs_toys-and-games_29/132-9403381-7063669?_encoding=UTF8&psc=1&refRID=5WHBE334RDFR5WNNK37N,B07L6VQDSC,,,1587710290.108076,"{'name': 'toys-and-games', 'url': 'https://www.amazon.com/Best-Sellers-Toys-Games/zgbs/toys-and-games/'}",1.0
https://www.amazon.com/TCL-50S425-inch-Smart-Roku/dp/B07JK98NNQ/ref=zg_bs_electronics_46?_encoding=UTF8&psc=1&refRID=R1EWDW7CRXYEVDWYAP22,B07JK98NNQ,,,1587710290.113183,"{'name': 'electronics', 'url': 'https://www.amazon.com/Best-Sellers-Electronics/zgbs/electronics/'}",1.0
https://www.amazon.com/Amazon-Smart-Plug-works-Alexa/dp/B01MZEEFNX/ref=zg_bs_electronics_50?_encoding=UTF8&psc=1&refRID=R1EWDW7CRXYEVDWYAP22,B01MZEEFNX,,,1587710290.118163,"{'name': 'electronics', 'url': 'https://www.amazon.com/Best-Sellers-Electronics/zgbs/electronics/'}",1.0
https://www.amazon.com/all-new-Echo/dp/B07R1CXKN7/ref=zg_bs_electronics_42?_encoding=UTF8&psc=1&refRID=R1EWDW7CRXYEVDWYAP22,B07R1CXKN7,,,1587710290.123344,"{'name': 'electronics', 'url': 'https://www.amazon.com/Best-Sellers-Electronics/zgbs/electronics/'}",1.0
https://www.amazon.com/Capacitive-Stylus-Pen-Multicolor-Touchscreen/dp/B07Y8Q1V1Z/ref=zg_bs_electronics_34?_encoding=UTF8&psc=1&refRID=R1EWDW7CRXYEVDWYAP22,B07Y8Q1V1Z,,,1587710290.128908,"{'name': 'electronics', 'url': 'https://www.amazon.com/Best-Sellers-Electronics/zgbs/electronics/'}",1.0
https://www.amazon.com/Introducing-Echo-Show-Compact-Charcoal/dp/B07HZLHPKP/ref=zg_bs_electronics_35?_encoding=UTF8&psc=1&refRID=R1EWDW7CRXYEVDWYAP22,B07HZLHPKP,,,1587710290.133807,"{'name': 'electronics', 'url': 'https://www.amazon.com/Best-Sellers-Electronics/zgbs/electronics/'}",1.0
https://www.amazon.com/Fujifilm-INSTAX-Instant-Sheets-Cameras/dp/B06W5JYQX1/ref=zg_bs_electronics_47?_encoding=UTF8&psc=1&refRID=R1EWDW7CRXYEVDWYAP22,B06W5JYQX1,,,1587710290.139852,"{'name': 'electronics', 'url': 'https://www.amazon.com/Best-Sellers-Electronics/zgbs/electronics/'}",1.0
https://www.amazon.com/All-New-Tablet-Display-Canary-Yellow/dp/B07952VWF2/ref=zg_bs_electronics_13?_encoding=UTF8&psc=1&refRID=R1EWDW7CRXYEVDWYAP22,B07952VWF2,,,1587710290.1445029,"{'name': 'electronics', 'url': 'https://www.amazon.com/Best-Sellers-Electronics/zgbs/electronics/'}",1.0
https://www.amazon.com/Fire-7-Kids-Edition-Tablet/dp/B07H8WS1FT/ref=zg_bs_electronics_38?_encoding=UTF8&psc=1&refRID=R1EWDW7CRXYEVDWYAP22,B07H8WS1FT,,,1587710290.148925,"{'name': 'electronics', 'url': 'https://www.amazon.com/Best-Sellers-Electronics/zgbs/electronics/'}",1.0
https://www.amazon.com/TR-Industrial-TR88302-Multi-Purpose-Cable/dp/B01018DC96/ref=zg_bs_electronics_33?_encoding=UTF8&psc=1&refRID=R1EWDW7CRXYEVDWYAP22,B01018DC96,,,1587710290.154364,"{'name': 'electronics', 'url': 'https://www.amazon.com/Best-Sellers-Electronics/zgbs/electronics/'}",1.0
https://www.amazon.com/Wyze-Indoor-Wireless-Detection-Assistant/dp/B076H3SRXG/ref=zg_bs_electronics_16?_encoding=UTF8&psc=1&refRID=R1EWDW7CRXYEVDWYAP22,B076H3SRXG,,,1587710290.159425,"{'name': 'electronics', 'url': 'https://www.amazon.com/Best-Sellers-Electronics/zgbs/electronics/'}",1.0
https://www.amazon.com/Fire-TV-Stick-4K-with-Alexa-Voice-Remote/dp/B079QHML21/ref=zg_bs_electronics_3?_encoding=UTF8&psc=1&refRID=R1EWDW7CRXYEVDWYAP22,B079QHML21,,,1587710290.164114,"{'name': 'electronics', 'url': 'https://www.amazon.com/Best-Sellers-Electronics/zgbs/electronics/'}",1.0
https://www.amazon.com/Sceptre-E205W-16003R-Frameless-Speakers-Metallic/dp/B07743412C/ref=zg_bs_electronics_32?_encoding=UTF8&psc=1&refRID=R1EWDW7CRXYEVDWYAP22,B07743412C,,,1587710290.169052,"{'name': 'electronics', 'url': 'https://www.amazon.com/Best-Sellers-Electronics/zgbs/electronics/'}",1.0
https://www.amazon.com/all-new-Echo/dp/B07NFTVP7P/ref=zg_bs_electronics_27?_encoding=UTF8&psc=1&refRID=R1EWDW7CRXYEVDWYAP22,B07NFTVP7P,,,1587710290.174199,"{'name': 'electronics', 'url': 'https://www.amazon.com/Best-Sellers-Electronics/zgbs/electronics/'}",1.0
https://www.amazon.com/Bototek-Protector-Charging-Extension-Smartphone/dp/B07MVZZV3G/ref=zg_bs_electronics_31?_encoding=UTF8&psc=1&refRID=R1EWDW7CRXYEVDWYAP22,B07MVZZV3G,,,1587710290.180159,"{'name': 'electronics', 'url': 'https://www.amazon.com/Best-Sellers-Electronics/zgbs/electronics/'}",1.0
https://www.amazon.com/Echo-Dot/dp/B07FZ8S74R/ref=zg_bs_electronics_2?_encoding=UTF8&psc=1&refRID=R1EWDW7CRXYEVDWYAP22,B07FZ8S74R,,,1587710290.184739,"{'name': 'electronics', 'url': 'https://www.amazon.com/Best-Sellers-Electronics/zgbs/electronics/'}",1.0
https://www.amazon.com/All-new-Kindle-Paperwhite-Waterproof-Storage/dp/B07CXG6C9W/ref=zg_bs_electronics_30?_encoding=UTF8&psc=1&refRID=R1EWDW7CRXYEVDWYAP22,B07CXG6C9W,,,1587710290.190068,"{'name': 'electronics', 'url': 'https://www.amazon.com/Best-Sellers-Electronics/zgbs/electronics/'}",1.0
https://www.amazon.com/All-new-Blink-Outdoor-Security-included/dp/B07MMZF2BF/ref=zg_bs_electronics_49?_encoding=UTF8&psc=1&refRID=R1EWDW7CRXYEVDWYAP22,B07MMZF2BF,,,1587710290.194942,"{'name': 'electronics', 'url': 'https://www.amazon.com/Best-Sellers-Electronics/zgbs/electronics/'}",1.0
https://www.amazon.com/Sceptre-Curved-Monitor-Speakers-C248W-1920RN/dp/B07KXSR99Y/ref=zg_bs_electronics_10?_encoding=UTF8&psc=1&refRID=R1EWDW7CRXYEVDWYAP22,B07KXSR99Y,,,1587710290.199507,"{'name': 'electronics', 'url': 'https://www.amazon.com/Best-Sellers-Electronics/zgbs/electronics/'}",1.0
https://www.amazon.com/Apple-iPad-10-2-Inch-Wi-Fi-32GB/dp/B07XL7G4H6/ref=zg_bs_electronics_5?_encoding=UTF8&psc=1&refRID=R1EWDW7CRXYEVDWYAP22,B07XL7G4H6,,,1587710292.113084,"{'name': 'electronics', 'url': 'https://www.amazon.com/Best-Sellers-Electronics/zgbs/electronics/'}",1.0
https://www.amazon.com/TP-Link-AC1750-Smart-WiFi-Router/dp/B079JD7F7G/ref=zg_bs_electronics_8?_encoding=UTF8&psc=1&refRID=R1EWDW7CRXYEVDWYAP22,B079JD7F7G,,,1587710292.1186302,"{'name': 'electronics', 'url': 'https://www.amazon.com/Best-Sellers-Electronics/zgbs/electronics/'}",1.0
https://www.amazon.com/TCL-40S325-Inch-1080p-Smart/dp/B07GB61TQR/ref=zg_bs_electronics_28?_encoding=UTF8&psc=1&refRID=R1EWDW7CRXYEVDWYAP22,B07GB61TQR,,,1587710292.123541,"{'name': 'electronics', 'url': 'https://www.amazon.com/Best-Sellers-Electronics/zgbs/electronics/'}",1.0
https://www.amazon.com/Ring-8AB1S7-0EU0-Rechargeable-Battery-Pack/dp/B076JKHDQT/ref=zg_bs_electronics_26?_encoding=UTF8&psc=1&refRID=R1EWDW7CRXYEVDWYAP22,B076JKHDQT,,,1587710292.128576,"{'name': 'electronics', 'url': 'https://www.amazon.com/Best-Sellers-Electronics/zgbs/electronics/'}",1.0
https://www.amazon.com/Acer-SB220Q-Ultra-Thin-Frame-Monitor/dp/B07CVL2D2S/ref=zg_bs_electronics_14?_encoding=UTF8&psc=1&refRID=R1EWDW7CRXYEVDWYAP22,B07CVL2D2S,,,1587710292.1331382,"{'name': 'electronics', 'url': 'https://www.amazon.com/Best-Sellers-Electronics/zgbs/electronics/'}",1.0
https://www.amazon.com/Kindle-Paperwhite-Waterproof-Storage-Special/dp/B07PS737QQ/ref=zg_bs_electronics_41?_encoding=UTF8&psc=1&refRID=R1EWDW7CRXYEVDWYAP22,B07PS737QQ,,,1587710292.1386359,"{'name': 'electronics', 'url': 'https://www.amazon.com/Best-Sellers-Electronics/zgbs/electronics/'}",1.0
https://www.amazon.com/amFilm-Tempered-Screen-Protector-Nintendo-Switch/dp/B01N3ASPNV/ref=zg_bs_electronics_39?_encoding=UTF8&psc=1&refRID=R1EWDW7CRXYEVDWYAP22,B01N3ASPNV,,,1587710292.14369,"{'name': 'electronics', 'url': 'https://www.amazon.com/Best-Sellers-Electronics/zgbs/electronics/'}",1.0
https://www.amazon.com/all-new-fire-tv-cube-with-alexa-voice-remote/dp/B07KGVB6D6/ref=zg_bs_electronics_44?_encoding=UTF8&psc=1&refRID=R1EWDW7CRXYEVDWYAP22,B07KGVB6D6,,,1587710292.148777,"{'name': 'electronics', 'url': 'https://www.amazon.com/Best-Sellers-Electronics/zgbs/electronics/'}",1.0
https://www.amazon.com/Fire-HD-10/dp/B07K1RZWMC/ref=zg_bs_electronics_18?_encoding=UTF8&psc=1&refRID=R1EWDW7CRXYEVDWYAP22,B07K1RZWMC,,,1587710292.153942,"{'name': 'electronics', 'url': 'https://www.amazon.com/Best-Sellers-Electronics/zgbs/electronics/'}",1.0
https://www.amazon.com/Roku-Streaming-Player-Premium-Headphones/dp/B07WVF9SL5/ref=zg_bs_electronics_45?_encoding=UTF8&psc=1&refRID=R1EWDW7CRXYEVDWYAP22,B07WVF9SL5,,,1587710292.159117,"{'name': 'electronics', 'url': 'https://www.amazon.com/Best-Sellers-Electronics/zgbs/electronics/'}",1.0
https://www.amazon.com/Echo-Dot/dp/B07PDHSLM6/ref=zg_bs_electronics_17?_encoding=UTF8&psc=1&refRID=R1EWDW7CRXYEVDWYAP22,B07PDHSLM6,,,1587710292.1642609,"{'name': 'electronics', 'url': 'https://www.amazon.com/Best-Sellers-Electronics/zgbs/electronics/'}",1.0
https://www.amazon.com/OHill-Organizer-Management-Organizing-Adhesive/dp/B071FXZBMV/ref=zg_bs_electronics_40?_encoding=UTF8&psc=1&refRID=R1EWDW7CRXYEVDWYAP22,B071FXZBMV,,,1587710292.169326,"{'name': 'electronics', 'url': 'https://www.amazon.com/Best-Sellers-Electronics/zgbs/electronics/'}",1.0
https://www.amazon.com/Roku-Express-Streaming-Media-Player/dp/B07WVFCVJN/ref=zg_bs_electronics_4?_encoding=UTF8&psc=1&refRID=R1EWDW7CRXYEVDWYAP22,B07WVFCVJN,,,1587710292.17486,"{'name': 'electronics', 'url': 'https://www.amazon.com/Best-Sellers-Electronics/zgbs/electronics/'}",1.0
https://www.amazon.com/Roku-Streaming-Stick-HDR-Streaming-Long-range/dp/B075XLWML4/ref=zg_bs_electronics_6?_encoding=UTF8&psc=1&refRID=R1EWDW7CRXYEVDWYAP22,B075XLWML4,,,1587710292.179926,"{'name': 'electronics', 'url': 'https://www.amazon.com/Best-Sellers-Electronics/zgbs/electronics/'}",1.0
https://www.amazon.com/All-New-Fire-Tablet-Display-Marine/dp/B0794Y5P5C/ref=zg_bs_electronics_20?_encoding=UTF8&psc=1&refRID=R1EWDW7CRXYEVDWYAP22,B0794Y5P5C,,,1587710292.184672,"{'name': 'electronics', 'url': 'https://www.amazon.com/Best-Sellers-Electronics/zgbs/electronics/'}",1.0
https://www.amazon.com/All-New-Fire-Tablet-Display-Punch/dp/B078HNTH41/ref=zg_bs_electronics_29?_encoding=UTF8&psc=1&refRID=R1EWDW7CRXYEVDWYAP22,B078HNTH41,,,1587710292.189935,"{'name': 'electronics', 'url': 'https://www.amazon.com/Best-Sellers-Electronics/zgbs/electronics/'}",1.0
https://www.amazon.com/Echo-Dot-3rd-Gen-speaker/dp/B07W95GZNH/ref=zg_bs_electronics_9?_encoding=UTF8&psc=1&refRID=R1EWDW7CRXYEVDWYAP22,B07W95GZNH,,,1587710292.194735,"{'name': 'electronics', 'url': 'https://www.amazon.com/Best-Sellers-Electronics/zgbs/electronics/'}",1.0
https://www.amazon.com/Fire-7-Kids-Edition-Tablet/dp/B07H8ZCSL9/ref=zg_bs_electronics_48?_encoding=UTF8&psc=1&refRID=R1EWDW7CRXYEVDWYAP22,B07H8ZCSL9,,,1587710292.200332,"{'name': 'electronics', 'url': 'https://www.amazon.com/Best-Sellers-Electronics/zgbs/electronics/'}",1.0
https://www.amazon.com/TCL-55S425-inch-Smart-Roku/dp/B07JJZPZNS/ref=zg_bs_electronics_37?_encoding=UTF8&psc=1&refRID=R1EWDW7CRXYEVDWYAP22,B07JJZPZNS,,,1587710292.205481,"{'name': 'electronics', 'url': 'https://www.amazon.com/Best-Sellers-Electronics/zgbs/electronics/'}",1.0
https://www.amazon.com/Roku-Premiere-HDR-Streaming-Player-Premium/dp/B07HDBZN7Q/ref=zg_bs_electronics_12?_encoding=UTF8&psc=1&refRID=R1EWDW7CRXYEVDWYAP22,B07HDBZN7Q,,,1587710292.210185,"{'name': 'electronics', 'url': 'https://www.amazon.com/Best-Sellers-Electronics/zgbs/electronics/'}",1.0
https://www.amazon.com/Echo-Show-8/dp/B07PF1Y28C/ref=zg_bs_electronics_36?_encoding=UTF8&psc=1&refRID=R1EWDW7CRXYEVDWYAP22,B07PF1Y28C,,,1587710292.2154331,"{'name': 'electronics', 'url': 'https://www.amazon.com/Best-Sellers-Electronics/zgbs/electronics/'}",1.0
https://www.amazon.com/Sabrent-4-Port-Individual-Switches-HB-UMLS/dp/B00BWF5U0M/ref=zg_bs_electronics_24?_encoding=UTF8&psc=1&refRID=R1EWDW7CRXYEVDWYAP22,B00BWF5U0M,,,1587710292.220459,"{'name': 'electronics', 'url': 'https://www.amazon.com/Best-Sellers-Electronics/zgbs/electronics/'}",1.0
https://www.amazon.com/Wyze-1080p-Indoor-Camera-Vision/dp/B07DGR98VQ/ref=zg_bs_electronics_21?_encoding=UTF8&psc=1&refRID=R1EWDW7CRXYEVDWYAP22,B07DGR98VQ,,,1587710292.226161,"{'name': 'electronics', 'url': 'https://www.amazon.com/Best-Sellers-Electronics/zgbs/electronics/'}",1.0
https://www.amazon.com/Fire-TV-Stick-with-Alexa-Voice-Remote/dp/B0791TX5P5/ref=zg_bs_electronics_1?_encoding=UTF8&psc=1&refRID=R1EWDW7CRXYEVDWYAP22,B0791TX5P5,,,1587710292.230941,"{'name': 'electronics', 'url': 'https://www.amazon.com/Best-Sellers-Electronics/zgbs/electronics/'}",1.0
https://www.amazon.com/Fitbit-Fitness-Smartwatch-Tracking-Included/dp/B07TWFVDWT/ref=zg_bs_electronics_22?_encoding=UTF8&psc=1&refRID=R1EWDW7CRXYEVDWYAP22,B07TWFVDWT,,,1587710292.235696,"{'name': 'electronics', 'url': 'https://www.amazon.com/Best-Sellers-Electronics/zgbs/electronics/'}",1.0
https://www.amazon.com/Echo-Dot/dp/B07N8RPRF7/ref=zg_bs_electronics_7?_encoding=UTF8&psc=1&refRID=R1EWDW7CRXYEVDWYAP22,B07N8RPRF7,,,1587710292.240974,"{'name': 'electronics', 'url': 'https://www.amazon.com/Best-Sellers-Electronics/zgbs/electronics/'}",1.0
https://www.amazon.com/GE-Outlet-Protector-Extension-14092/dp/B00DOMYL24/ref=zg_bs_electronics_19?_encoding=UTF8&psc=1&refRID=R1EWDW7CRXYEVDWYAP22,B00DOMYL24,,,1587710292.245809,"{'name': 'electronics', 'url': 'https://www.amazon.com/Best-Sellers-Electronics/zgbs/electronics/'}",1.0
https://www.amazon.com/SanDisk-MicroSDXC-Nintendo-Switch-SDSQXAO-128G-GNCZN/dp/B07KXQX3S3/ref=zg_bs_electronics_15?_encoding=UTF8&psc=1&refRID=R1EWDW7CRXYEVDWYAP22,B07KXQX3S3,,,1587710292.250891,"{'name': 'electronics', 'url': 'https://www.amazon.com/Best-Sellers-Electronics/zgbs/electronics/'}",1.0
https://www.amazon.com/Fire-Tablet-7/dp/B07FKR6KXF/ref=zg_bs_electronics_25?_encoding=UTF8&psc=1&refRID=R1EWDW7CRXYEVDWYAP22,B07FKR6KXF,,,1587710292.256314,"{'name': 'electronics', 'url': 'https://www.amazon.com/Best-Sellers-Electronics/zgbs/electronics/'}",1.0
https://www.amazon.com/Echo-Dot-3rd-Gen-Sandstone/dp/B07PGL2N7J/ref=zg_bs_electronics_11?_encoding=UTF8&psc=1&refRID=R1EWDW7CRXYEVDWYAP22,B07PGL2N7J,,,1587710292.2613368,"{'name': 'electronics', 'url': 'https://www.amazon.com/Best-Sellers-Electronics/zgbs/electronics/'}",1.0
https://www.amazon.com/Wyze-Indoor-Wireless-Camera-Vision/dp/B07G2YR23M/ref=zg_bs_electronics_43?_encoding=UTF8&psc=1&refRID=R1EWDW7CRXYEVDWYAP22,B07G2YR23M,,,1587710292.266187,"{'name': 'electronics', 'url': 'https://www.amazon.com/Best-Sellers-Electronics/zgbs/electronics/'}",1.0
https://www.amazon.com/Hanes-Womens-Jersey-Short-Black/dp/B016YKIBHS/ref=zg_bs_fashion_12?_encoding=UTF8&psc=1&refRID=V8WV4EB1CBZT0K9DHRBW,B016YKIBHS,,,1587710292.270974,"{'name': 'fashion', 'url': 'https://www.amazon.com/Best-Sellers/zgbs/fashion/'}",1.0
https://www.amazon.com/Fruit-Loom-womens-Cotton-Pullover/dp/B07K9C8NRT/ref=zg_bs_fashion_45?_encoding=UTF8&psc=1&refRID=V8WV4EB1CBZT0K9DHRBW,B07K9C8NRT,,,1587710292.276203,"{'name': 'fashion', 'url': 'https://www.amazon.com/Best-Sellers/zgbs/fashion/'}",1.0
https://www.amazon.com/Crocs-Classic-Graphic-Multi-Women/dp/B07GTBP825/ref=zg_bs_fashion_35?_encoding=UTF8&psc=1&refRID=V8WV4EB1CBZT0K9DHRBW,B07GTBP825,,,1587710292.280992,"{'name': 'fashion', 'url': 'https://www.amazon.com/Best-Sellers/zgbs/fashion/'}",1.0
https://www.amazon.com/Novelty-Bandanas-Paisley-Cotton-Brown/dp/B00II9UNAM/ref=zg_bs_fashion_16?_encoding=UTF8&psc=1&refRID=V8WV4EB1CBZT0K9DHRBW,B00II9UNAM,,,1587710292.285692,"{'name': 'fashion', 'url': 'https://www.amazon.com/Best-Sellers/zgbs/fashion/'}",1.0
https://www.amazon.com/Bali-Designs-Womens-Comfort-Revolution/dp/B06X1BWH4S/ref=zg_bs_fashion_21?_encoding=UTF8&psc=1&refRID=V8WV4EB1CBZT0K9DHRBW,B06X1BWH4S,,,1587710292.291226,"{'name': 'fashion', 'url': 'https://www.amazon.com/Best-Sellers/zgbs/fashion/'}",1.0
https://www.amazon.com/Fruit-Loom-Womens-Built-Up-Sports/dp/B07KL1WLG6/ref=zg_bs_fashion_26?_encoding=UTF8&psc=1&refRID=V8WV4EB1CBZT0K9DHRBW,B07KL1WLG6,,,1587710292.296128,"{'name': 'fashion', 'url': 'https://www.amazon.com/Best-Sellers/zgbs/fashion/'}",1.0
https://www.amazon.com/AMiERY-Pajamas-Womens-Drawstring-Palazzo/dp/B073P8H9QG/ref=zg_bs_fashion_37?_encoding=UTF8&psc=1&refRID=V8WV4EB1CBZT0K9DHRBW,B073P8H9QG,,,1587710292.3012881,"{'name': 'fashion', 'url': 'https://www.amazon.com/Best-Sellers/zgbs/fashion/'}",1.0
https://www.amazon.com/Fruit-Loom-CoolZone-Briefs-Argyle/dp/B07P7KP1SV/ref=zg_bs_fashion_11?_encoding=UTF8&psc=1&refRID=V8WV4EB1CBZT0K9DHRBW,B07P7KP1SV,,,1587710292.306316,"{'name': 'fashion', 'url': 'https://www.amazon.com/Best-Sellers/zgbs/fashion/'}",1.0
https://www.amazon.com/Amazon-Essentials-Classic-Fit-Short-Sleeve-T-Shirt/dp/B07752LYFW/ref=zg_bs_fashion_17?_encoding=UTF8&psc=1&refRID=V8WV4EB1CBZT0K9DHRBW,B07752LYFW,,,1587710292.311075,"{'name': 'fashion', 'url': 'https://www.amazon.com/Best-Sellers/zgbs/fashion/'}",1.0
https://www.amazon.com/Seamless-Protection-Headwear-Festival-Motorcycle/dp/B0875KCPC5/ref=zg_bs_fashion_27?_encoding=UTF8&psc=1&refRID=V8WV4EB1CBZT0K9DHRBW,B0875KCPC5,,,1587710292.316211,"{'name': 'fashion', 'url': 'https://www.amazon.com/Best-Sellers/zgbs/fashion/'}",1.0
https://www.amazon.com/Dickies-Multi-Pack-Dri-Tech-Moisture-Control/dp/B01N6YAVNM/ref=zg_bs_fashion_19?_encoding=UTF8&psc=1&refRID=V8WV4EB1CBZT0K9DHRBW,B01N6YAVNM,,,1587710292.32172,"{'name': 'fashion', 'url': 'https://www.amazon.com/Best-Sellers/zgbs/fashion/'}",1.0
https://www.amazon.com/Amazon-Essentials-Stretch-10-Pack-X-Small/dp/B07CJWMX3C/ref=zg_bs_fashion_7?_encoding=UTF8&psc=1&refRID=V8WV4EB1CBZT0K9DHRBW,B07CJWMX3C,,,1587710292.3270118,"{'name': 'fashion', 'url': 'https://www.amazon.com/Best-Sellers/zgbs/fashion/'}",1.0
https://www.amazon.com/Native-baby-girls-Jefferson-Shoes-Hollywood/dp/B074H87DL9/ref=zg_bs_fashion_40?_encoding=UTF8&psc=1&refRID=V8WV4EB1CBZT0K9DHRBW,B074H87DL9,,,1587710292.3317962,"{'name': 'fashion', 'url': 'https://www.amazon.com/Best-Sellers/zgbs/fashion/'}",1.0
https://www.amazon.com/UHEREBUY-Gaiter-Scarf-Protection-Headwear/dp/B07XYNQ2ST/ref=zg_bs_fashion_14?_encoding=UTF8&psc=1&refRID=V8WV4EB1CBZT0K9DHRBW,B07XYNQ2ST,,,1587710292.337242,"{'name': 'fashion', 'url': 'https://www.amazon.com/Best-Sellers/zgbs/fashion/'}",1.0
https://www.amazon.com/VENUZOR-Waist-Trainer-Belt-Women/dp/B0782TSJRT/ref=zg_bs_fashion_25?_encoding=UTF8&psc=1&refRID=V8WV4EB1CBZT0K9DHRBW,B0782TSJRT,,,1587710292.343198,"{'name': 'fashion', 'url': 'https://www.amazon.com/Best-Sellers/zgbs/fashion/'}",1.0
https://www.amazon.com/Baleaf-Womens-Workout-Control-Pockets/dp/B07LF27WBQ/ref=zg_bs_fashion_28?_encoding=UTF8&psc=1&refRID=V8WV4EB1CBZT0K9DHRBW,B07LF27WBQ,,,1587710292.347783,"{'name': 'fashion', 'url': 'https://www.amazon.com/Best-Sellers/zgbs/fashion/'}",1.0
https://www.amazon.com/Hanes-Womens-T-Shirt-Small-Black/dp/B00KRYLG7U/ref=zg_bs_fashion_22?_encoding=UTF8&psc=1&refRID=V8WV4EB1CBZT0K9DHRBW,B00KRYLG7U,,,1587710292.3525221,"{'name': 'fashion', 'url': 'https://www.amazon.com/Best-Sellers/zgbs/fashion/'}",1.0
https://www.amazon.com/Rebirth-Shop-Anti-Haze-Breathable-Lightweight/dp/B08767JLB8/ref=zg_bs_fashion_36?_encoding=UTF8&psc=1&refRID=V8WV4EB1CBZT0K9DHRBW,B08767JLB8,,,1587710292.3574882,"{'name': 'fashion', 'url': 'https://www.amazon.com/Best-Sellers/zgbs/fashion/'}",1.0
https://www.amazon.com/adidas-Adilette-Shower-Slide-Sandal/dp/B07SBR3TLB/ref=zg_bs_fashion_38?_encoding=UTF8&psc=1&refRID=V8WV4EB1CBZT0K9DHRBW,B07SBR3TLB,,,1587710292.362206,"{'name': 'fashion', 'url': 'https://www.amazon.com/Best-Sellers/zgbs/fashion/'}",1.0
https://www.amazon.com/Amazon-Essentials-Short-Sleeve-Crewneck-T-Shirt/dp/B07756KYJJ/ref=zg_bs_fashion_39?_encoding=UTF8&psc=1&refRID=V8WV4EB1CBZT0K9DHRBW,B07756KYJJ,,,1587710292.367285,"{'name': 'fashion', 'url': 'https://www.amazon.com/Best-Sellers/zgbs/fashion/'}",1.0
https://www.amazon.com/iHeartRaves-Skeleton-Multi-functional-Seamless-Bandana/dp/B015YGSG0U/ref=zg_bs_fashion_3?_encoding=UTF8&psc=1&refRID=V8WV4EB1CBZT0K9DHRBW,B015YGSG0U,,,1587710292.37236,"{'name': 'fashion', 'url': 'https://www.amazon.com/Best-Sellers/zgbs/fashion/'}",1.0
https://www.amazon.com/Gildan-Mens-T-Shirt-Assortment-Small/dp/B077ZKF9ZN/ref=zg_bs_fashion_8?_encoding=UTF8&psc=1&refRID=V8WV4EB1CBZT0K9DHRBW,B077ZKF9ZN,,,1587710292.377835,"{'name': 'fashion', 'url': 'https://www.amazon.com/Best-Sellers/zgbs/fashion/'}",1.0
https://www.amazon.com/Hanes-Ecosmart-Fleece-Sweatshirt-Forest/dp/B01L8JJ7XW/ref=zg_bs_fashion_6?_encoding=UTF8&psc=1&refRID=V8WV4EB1CBZT0K9DHRBW,B01L8JJ7XW,,,1587710292.382493,"{'name': 'fashion', 'url': 'https://www.amazon.com/Best-Sellers/zgbs/fashion/'}",1.0
https://www.amazon.com/Gildan-Cotton-Sleeve-T-Shirt-2-Pack/dp/B076831CCJ/ref=zg_bs_fashion_43?_encoding=UTF8&psc=1&refRID=V8WV4EB1CBZT0K9DHRBW,B076831CCJ,,,1587710292.387422,"{'name': 'fashion', 'url': 'https://www.amazon.com/Best-Sellers/zgbs/fashion/'}",1.0
https://www.amazon.com/Crocs-Kids-Crocband-Smoke-Toddler/dp/B01HEXGDII/ref=zg_bs_fashion_30?_encoding=UTF8&psc=1&refRID=V8WV4EB1CBZT0K9DHRBW,B01HEXGDII,,,1587710292.393546,"{'name': 'fashion', 'url': 'https://www.amazon.com/Best-Sellers/zgbs/fashion/'}",1.0
https://www.amazon.com/Womens-Walking-Shoes-Sock-Sneakers/dp/B07R6R7JV5/ref=zg_bs_fashion_20?_encoding=UTF8&psc=1&refRID=V8WV4EB1CBZT0K9DHRBW,B07R6R7JV5,,,1587710292.398474,"{'name': 'fashion', 'url': 'https://www.amazon.com/Best-Sellers/zgbs/fashion/'}",1.0
https://www.amazon.com/INTO-AM-Paint-Splatter-Seamless/dp/B07B69CFJF/ref=zg_bs_fashion_2?_encoding=UTF8&psc=1&refRID=V8WV4EB1CBZT0K9DHRBW,B07B69CFJF,,,1587710292.403158,"{'name': 'fashion', 'url': 'https://www.amazon.com/Best-Sellers/zgbs/fashion/'}",1.0
https://www.amazon.com/Konikit-Seamless-Headband-Bandanas-Balaclavas/dp/B086X239YW/ref=zg_bs_fashion_18?_encoding=UTF8&psc=1&refRID=V8WV4EB1CBZT0K9DHRBW,B086X239YW,,,1587710292.407957,"{'name': 'fashion', 'url': 'https://www.amazon.com/Best-Sellers/zgbs/fashion/'}",1.0
https://www.amazon.com/Balaclava-Protection-Women-Gaiters-Bandana/dp/B086X8X7BR/ref=zg_bs_fashion_48?_encoding=UTF8&psc=1&refRID=V8WV4EB1CBZT0K9DHRBW,B086X8X7BR,,,1587710292.4126449,"{'name': 'fashion', 'url': 'https://www.amazon.com/Best-Sellers/zgbs/fashion/'}",1.0
https://www.amazon.com/crocs-Unisex-Classic-White-Women/dp/B00152AGEW/ref=zg_bs_fashion_4?_encoding=UTF8&psc=1&refRID=V8WV4EB1CBZT0K9DHRBW,B00152AGEW,,,1587710292.4176712,"{'name': 'fashion', 'url': 'https://www.amazon.com/Best-Sellers/zgbs/fashion/'}",1.0
https://www.amazon.com/Levis-Regular-Fit-Jeans-Medium-Stonewash/dp/B0018QS7CI/ref=zg_bs_fashion_29?_encoding=UTF8&psc=1&refRID=V8WV4EB1CBZT0K9DHRBW,B0018QS7CI,,,1587710292.42257,"{'name': 'fashion', 'url': 'https://www.amazon.com/Best-Sellers/zgbs/fashion/'}",1.0
https://www.amazon.com/Gildan-Fleece-Sweatshirt-G18500-3X-Large/dp/B07MGYGYY8/ref=zg_bs_fashion_50?_encoding=UTF8&psc=1&refRID=V8WV4EB1CBZT0K9DHRBW,B07MGYGYY8,,,1587710294.337249,"{'name': 'fashion', 'url': 'https://www.amazon.com/Best-Sellers/zgbs/fashion/'}",1.0
https://www.amazon.com/Amazon-Essentials-2-Pack-Loose-Fit-Performance/dp/B0719SF8JT/ref=zg_bs_fashion_46?_encoding=UTF8&psc=1&refRID=V8WV4EB1CBZT0K9DHRBW,B0719SF8JT,,,1587710294.343014,"{'name': 'fashion', 'url': 'https://www.amazon.com/Best-Sellers/zgbs/fashion/'}",1.0
https://www.amazon.com/Hanes-Womens-Middle-Sweatpant-Heather/dp/B0169P8OZC/ref=zg_bs_fashion_44?_encoding=UTF8&psc=1&refRID=V8WV4EB1CBZT0K9DHRBW,B0169P8OZC,,,1587710294.347769,"{'name': 'fashion', 'url': 'https://www.amazon.com/Best-Sellers/zgbs/fashion/'}",1.0
https://www.amazon.com/Gildan-Ultra-Cotton-Black-Small/dp/B01LZ2WFDA/ref=zg_bs_fashion_24?_encoding=UTF8&psc=1&refRID=V8WV4EB1CBZT0K9DHRBW,B01LZ2WFDA,,,1587710294.353384,"{'name': 'fashion', 'url': 'https://www.amazon.com/Best-Sellers/zgbs/fashion/'}",1.0
https://www.amazon.com/BEAUTEVER-Washable-Reusable-Fishing-Women-Black/dp/B087GKBGBL/ref=zg_bs_fashion_49?_encoding=UTF8&psc=1&refRID=V8WV4EB1CBZT0K9DHRBW,B087GKBGBL,,,1587710294.358752,"{'name': 'fashion', 'url': 'https://www.amazon.com/Best-Sellers/zgbs/fashion/'}",1.0
https://www.amazon.com/Hudson-Baby-Sleeveless-Bodysuits-Baseball/dp/B07DPWTB9L/ref=zg_bs_fashion_42?_encoding=UTF8&psc=1&refRID=V8WV4EB1CBZT0K9DHRBW,B07DPWTB9L,,,1587710294.363997,"{'name': 'fashion', 'url': 'https://www.amazon.com/Best-Sellers/zgbs/fashion/'}",1.0
https://www.amazon.com/Hanes-Pullover-EcoSmart-Fleece-Sweatshirt/dp/B072LZTRVC/ref=zg_bs_fashion_13?_encoding=UTF8&psc=1&refRID=V8WV4EB1CBZT0K9DHRBW,B072LZTRVC,,,1587710294.368897,"{'name': 'fashion', 'url': 'https://www.amazon.com/Best-Sellers/zgbs/fashion/'}",1.0
https://www.amazon.com/Crocs-Baby-Littles-Clog-Infant-Lavender/dp/B07HHSX6B7/ref=zg_bs_fashion_15?_encoding=UTF8&psc=1&refRID=V8WV4EB1CBZT0K9DHRBW,B07HHSX6B7,,,1587710294.373842,"{'name': 'fashion', 'url': 'https://www.amazon.com/Best-Sellers/zgbs/fashion/'}",1.0
https://www.amazon.com/Hanes-ComfortSoft-Cotton-T-Shirt-Black-Steel-S-2PK/dp/B018MS63B6/ref=zg_bs_fashion_47?_encoding=UTF8&psc=1&refRID=V8WV4EB1CBZT0K9DHRBW,B018MS63B6,,,1587710294.3799741,"{'name': 'fashion', 'url': 'https://www.amazon.com/Best-Sellers/zgbs/fashion/'}",1.0
https://www.amazon.com/Hanes-Beefy-T-Adult-Short-Sleeve-T-Shirt/dp/B004COBWOI/ref=zg_bs_fashion_34?_encoding=UTF8&psc=1&refRID=V8WV4EB1CBZT0K9DHRBW,B004COBWOI,,,1587710294.384463,"{'name': 'fashion', 'url': 'https://www.amazon.com/Best-Sellers/zgbs/fashion/'}",1.0
https://www.amazon.com/Gildan-Fleece-Crewneck-Sweatshirt-3X-Large/dp/B07MKKRM7L/ref=zg_bs_fashion_31?_encoding=UTF8&psc=1&refRID=V8WV4EB1CBZT0K9DHRBW,B07MKKRM7L,,,1587710294.38886,"{'name': 'fashion', 'url': 'https://www.amazon.com/Best-Sellers/zgbs/fashion/'}",1.0
https://www.amazon.com/Achiou-Mask-Dust-Protection-Lightweight-Breathable/dp/B07T2MD442/ref=zg_bs_fashion_9?_encoding=UTF8&psc=1&refRID=V8WV4EB1CBZT0K9DHRBW,B07T2MD442,,,1587710294.393656,"{'name': 'fashion', 'url': 'https://www.amazon.com/Best-Sellers/zgbs/fashion/'}",1.0
https://www.amazon.com/Gerber-5-Pack-Onesies-Bodysuits-Newborn/dp/B007CRR7YQ/ref=zg_bs_fashion_32?_encoding=UTF8&psc=1&refRID=V8WV4EB1CBZT0K9DHRBW,B007CRR7YQ,,,1587710294.398336,"{'name': 'fashion', 'url': 'https://www.amazon.com/Best-Sellers/zgbs/fashion/'}",1.0
https://www.amazon.com/TIJN-Blocking-Glasses-Vintage-Eyeglasses/dp/B07JVCSB29/ref=zg_bs_fashion_23?_encoding=UTF8&psc=1&refRID=V8WV4EB1CBZT0K9DHRBW,B07JVCSB29,,,1587710294.403401,"{'name': 'fashion', 'url': 'https://www.amazon.com/Best-Sellers/zgbs/fashion/'}",1.0
https://www.amazon.com/Levis-Bandanas-100-Cotton-Headband/dp/B009YQX1SO/ref=zg_bs_fashion_10?_encoding=UTF8&psc=1&refRID=V8WV4EB1CBZT0K9DHRBW,B009YQX1SO,,,1587710294.408108,"{'name': 'fashion', 'url': 'https://www.amazon.com/Best-Sellers/zgbs/fashion/'}",1.0
https://www.amazon.com/Warners-Blissful-Benefits-Hipster-Flamingo/dp/B076DW34RL/ref=zg_bs_fashion_5?_encoding=UTF8&psc=1&refRID=V8WV4EB1CBZT0K9DHRBW,B076DW34RL,,,1587710294.412935,"{'name': 'fashion', 'url': 'https://www.amazon.com/Best-Sellers/zgbs/fashion/'}",1.0
https://www.amazon.com/Carhartt-Workwear-Pocket-Short-Sleeve-T-Shirt/dp/B0007XB2Y8/ref=zg_bs_fashion_1?_encoding=UTF8&psc=1&refRID=V8WV4EB1CBZT0K9DHRBW,B0007XB2Y8,,,1587710294.418147,"{'name': 'fashion', 'url': 'https://www.amazon.com/Best-Sellers/zgbs/fashion/'}",1.0
https://www.amazon.com/YIANNA-Underbust-Trainer-Corsets-Hourglass/dp/B0101BQV2I/ref=zg_bs_fashion_33?_encoding=UTF8&psc=1&refRID=V8WV4EB1CBZT0K9DHRBW,B0101BQV2I,,,1587710294.423177,"{'name': 'fashion', 'url': 'https://www.amazon.com/Best-Sellers/zgbs/fashion/'}",1.0
https://www.amazon.com/Champion-Short-Pockets-Black-Small/dp/B0036OS6KS/ref=zg_bs_fashion_41?_encoding=UTF8&psc=1&refRID=V8WV4EB1CBZT0K9DHRBW,B0036OS6KS,,,1587710294.428478,"{'name': 'fashion', 'url': 'https://www.amazon.com/Best-Sellers/zgbs/fashion/'}",1.0
https://www.amazon.com/Melissa-Doug-Activity-Child-Safe-Scissors/dp/B00EJAEUBC/ref=zg_bs_toys-and-games_15/132-3105173-9301645?_encoding=UTF8&psc=1&refRID=BZ10YZJJ1T0QC9YT1AR2,B00EJAEUBC,Melissa & Doug Scissor Skills Activity Pad,$4.99,1587710373.559051,"{'name': 'toys-and-games', 'url': 'https://www.amazon.com/Best-Sellers-Toys-Games/zgbs/toys-and-games/'}",1.0
https://www.amazon.com/Munchkin-17040-Fishin-Bath-Toy/dp/B01N52DUNK/ref=zg_bs_toys-and-games_48/132-3105173-9301645?_encoding=UTF8&psc=1&refRID=BZ10YZJJ1T0QC9YT1AR2,B01N52DUNK,Munchkin Fishin' Bath Toy,$7.73,1587710378.039615,"{'name': 'toys-and-games', 'url': 'https://www.amazon.com/Best-Sellers-Toys-Games/zgbs/toys-and-games/'}",1.0
https://www.amazon.com/Play-Doh-Modeling-Compound-Non-Toxic-Exclusive/dp/B00JM5GZGW/ref=zg_bs_toys-and-games_17/132-3105173-9301645?_encoding=UTF8&psc=1&refRID=BZ10YZJJ1T0QC9YT1AR2,B00JM5GZGW,"Play-Doh Modeling Compound 36-Pack Case of Colors, Non-Toxic, Assorted Colors, 3-Ounce Cans (Amazon Exclusive)",$24.99,1587710382.978776,"{'name': 'toys-and-games', 'url': 'https://www.amazon.com/Best-Sellers-Toys-Games/zgbs/toys-and-games/'}",1.0
https://www.amazon.com/Crayola-Washable-Special-Sidewalk-Anti-Roll/dp/B00PY47LHW/ref=zg_bs_toys-and-games_42/132-3105173-9301645?_encoding=UTF8&psc=1&refRID=BZ10YZJJ1T0QC9YT1AR2,B00PY47LHW,"Crayola Washable Sidewalk Chalk, Neon Chalk",$4.99,1587710388.173152,"{'name': 'toys-and-games', 'url': 'https://www.amazon.com/Best-Sellers-Toys-Games/zgbs/toys-and-games/'}",1.0
https://www.amazon.com/Bunch-Balloons-Pack-Amazon-Exclusive/dp/B07GW2QQWN/ref=zg_bs_toys-and-games_28/132-3105173-9301645?_encoding=UTF8&psc=1&refRID=BZ10YZJJ1T0QC9YT1AR2,B07GW2QQWN,Bunch O Balloons - 350 Rapid-Fill Water Balloons (10 Pack) Amazon Exclusive,$27.74,1587710392.567081,"{'name': 'toys-and-games', 'url': 'https://www.amazon.com/Best-Sellers-Toys-Games/zgbs/toys-and-games/'}",1.0
https://www.amazon.com/Crayola-Twistables-Classrooms-Preschools-Self-Sharpening/dp/B00062J99K/ref=zg_bs_toys-and-games_8/132-3105173-9301645?_encoding=UTF8&psc=1&refRID=BZ10YZJJ1T0QC9YT1AR2,B00062J99K,"Crayola Twistables Crayons Coloring Set, Kids Indoor Activities at Home, 24 Count",$4.49,1587710396.821814,"{'name': 'toys-and-games', 'url': 'https://www.amazon.com/Best-Sellers-Toys-Games/zgbs/toys-and-games/'}",1.0
https://www.amazon.com/Melissa-Doug-Decorate-Your-Own-Butterfly-Magnets/dp/B00Y8YOVOA/ref=zg_bs_toys-and-games_12/132-3105173-9301645?_encoding=UTF8&psc=1&refRID=BZ10YZJJ1T0QC9YT1AR2,B00Y8YOVOA,"Melissa & Doug Created by Me! Butterfly Magnets - The Original (Kids Craft Kit, Supplies for 4 Projects, Great Gift for Girls and Boys â€“ Best for 4, 5, 6, 7 and 8 Year Olds), Mix",$4.99,1587710401.300591,"{'name': 'toys-and-games', 'url': 'https://www.amazon.com/Best-Sellers-Toys-Games/zgbs/toys-and-games/'}",1.0
https://www.amazon.com/Step2-874600-Showers-Playset-Multi-Colored/dp/B01K1K0K6M/ref=zg_bs_toys-and-games_6/132-3105173-9301645?_encoding=UTF8&psc=1&refRID=BZ10YZJJ1T0QC9YT1AR2,B01K1K0K6M,,,1587710406.498073,"{'name': 'toys-and-games', 'url': 'https://www.amazon.com/Best-Sellers-Toys-Games/zgbs/toys-and-games/'}",1.0
https://www.amazon.com/Insect-Lore-Butterfly-Growing-Kit/dp/B00000ISC5/ref=zg_bs_toys-and-games_3/132-3105173-9301645?_encoding=UTF8&psc=1&refRID=BZ10YZJJ1T0QC9YT1AR2,B00000ISC5,Insect Lore Butterfly Growing Kit - With Voucher to Redeem Caterpillars Later,$22.99,1587710411.223495,"{'name': 'toys-and-games', 'url': 'https://www.amazon.com/Best-Sellers-Toys-Games/zgbs/toys-and-games/'}",1.0
https://www.amazon.com/Crayola-Outdoor-Glitter-Sidewalk-Summer/dp/B00PY47F8M/ref=zg_bs_toys-and-games_16/132-3105173-9301645?_encoding=UTF8&psc=1&refRID=BZ10YZJJ1T0QC9YT1AR2,B00PY47F8M,"Crayola Outdoor Chalk, Glitter Sidewalk Chalk, Summer Toys, 5 Count",$8.73,1587710415.310017,"{'name': 'toys-and-games', 'url': 'https://www.amazon.com/Best-Sellers-Toys-Games/zgbs/toys-and-games/'}",1.0
https://www.amazon.com/Learning-Resources-Spike-Hedgehog-Sensory/dp/B078WM314M/ref=zg_bs_toys-and-games_33/132-3105173-9301645?_encoding=UTF8&psc=1&refRID=BZ10YZJJ1T0QC9YT1AR2,B078WM314M,"Learning Resources Spike The Fine Motor Hedgehog, Sensory, Fine Motor Toy, Easter Basket Toy, Ages 18 months+",$10.99,1587710419.91595,"{'name': 'toys-and-games', 'url': 'https://www.amazon.com/Best-Sellers-Toys-Games/zgbs/toys-and-games/'}",1.0
https://www.amazon.com/Battleship-Planes-Strategy-Amazon-Exclusive/dp/B06Y1N3PTX/ref=zg_bs_toys-and-games_22/132-3105173-9301645?_encoding=UTF8&psc=1&refRID=BZ10YZJJ1T0QC9YT1AR2,B06Y1N3PTX,Battleship With Planes Strategy Board Game For Ages 7 and Up (Amazon Exclusive),$14.99,1587710424.727034,"{'name': 'toys-and-games', 'url': 'https://www.amazon.com/Best-Sellers-Toys-Games/zgbs/toys-and-games/'}",1.0
https://www.amazon.com/Creativity-Kids-Grow-Glow-Terrarium/dp/B00I9KDFK0/ref=zg_bs_toys-and-games_9/132-3105173-9301645?_encoding=UTF8&psc=1&refRID=BZ10YZJJ1T0QC9YT1AR2,B00I9KDFK0,"Creativity For Kids Grow 'N Glow Terrarium Science Kits for Kids - Create Your Own Mini Ecosystem, Educational Toys",$12.99,1587710429.652114,"{'name': 'toys-and-games', 'url': 'https://www.amazon.com/Best-Sellers-Toys-Games/zgbs/toys-and-games/'}",1.0
https://www.amazon.com/Jenga-A2120EU4-Classic-Game/dp/B00ABA0ZOA/ref=zg_bs_toys-and-games_1/132-3105173-9301645?_encoding=UTF8&psc=1&refRID=BZ10YZJJ1T0QC9YT1AR2,B00ABA0ZOA,,,1587710434.197706,"{'name': 'toys-and-games', 'url': 'https://www.amazon.com/Best-Sellers-Toys-Games/zgbs/toys-and-games/'}",1.0
https://www.amazon.com/Play-Doh-A5417-Sparkle-Compound-Collection/dp/B00IGNWYNE/ref=zg_bs_toys-and-games_5/132-3105173-9301645?_encoding=UTF8&psc=1&refRID=BZ10YZJJ1T0QC9YT1AR2,B00IGNWYNE,Play-Doh Sparkle Compound Collection,$4.94,1587710438.397934,"{'name': 'toys-and-games', 'url': 'https://www.amazon.com/Best-Sellers-Toys-Games/zgbs/toys-and-games/'}",1.0
https://www.amazon.com/Melissa-Doug-Pretend-Frustration-Free-Packaging/dp/B07PBXRJ7G/ref=zg_bs_toys-and-games_43/132-3105173-9301645?_encoding=UTF8&psc=1&refRID=BZ10YZJJ1T0QC9YT1AR2,B07PBXRJ7G,Melissa & Doug Dust! Sweep! Mop! (Frustration Free Packaging),$25.09,1587710443.298162,"{'name': 'toys-and-games', 'url': 'https://www.amazon.com/Best-Sellers-Toys-Games/zgbs/toys-and-games/'}",1.0
https://www.amazon.com/Jenga-A2120EU4-Classic-Game/dp/B00ABA0ZOA/ref=zg_bs_toys-and-games_map_1/132-3105173-9301645?_encoding=UTF8&psc=1&refRID=BZ10YZJJ1T0QC9YT1AR2,B00ABA0ZOA,,,1587710447.69196,"{'name': 'toys-and-games', 'url': 'https://www.amazon.com/Best-Sellers-Toys-Games/zgbs/toys-and-games/'}",1.0
https://www.amazon.com/Crayola-Washable-Glitter-Exclusive-Stocking/dp/B07BYWS5XW/ref=zg_bs_toys-and-games_32/132-3105173-9301645?_encoding=UTF8&psc=1&refRID=BZ10YZJJ1T0QC9YT1AR2,B07BYWS5XW,,,1587710451.011142,"{'name': 'toys-and-games', 'url': 'https://www.amazon.com/Best-Sellers-Toys-Games/zgbs/toys-and-games/'}",1.0
https://www.amazon.com/L-L-Surprise-Candylicious-Multicolor/dp/B07XSQ3BYJ/ref=zg_bs_toys-and-games_47/132-3105173-9301645?_encoding=UTF8&psc=1&refRID=BZ10YZJJ1T0QC9YT1AR2,B07XSQ3BYJ,"L.O.L. Surprise! O.M.G. Candylicious Fashion Doll with 20 Surprises,Multicolor",$26.88,1587710454.98669,"{'name': 'toys-and-games', 'url': 'https://www.amazon.com/Best-Sellers-Toys-Games/zgbs/toys-and-games/'}",1.0
https://www.amazon.com/FoxPrint-Princess-conveniently-Carrying-Foldable/dp/B0120XRWLE/ref=zg_bs_toys-and-games_34/132-3105173-9301645?_encoding=UTF8&psc=1&refRID=BZ10YZJJ1T0QC9YT1AR2,B0120XRWLE,,,1587710459.21645,"{'name': 'toys-and-games', 'url': 'https://www.amazon.com/Best-Sellers-Toys-Games/zgbs/toys-and-games/'}",1.0
https://www.amazon.com/Taco-Cat-Goat-Cheese-Pizza/dp/B077Z1R28P/ref=zg_bs_toys-and-games_30/132-3105173-9301645?_encoding=UTF8&psc=1&refRID=BZ10YZJJ1T0QC9YT1AR2,B077Z1R28P,Taco Cat Goat Cheese Pizza,$9.99,1587710463.442463,"{'name': 'toys-and-games', 'url': 'https://www.amazon.com/Best-Sellers-Toys-Games/zgbs/toys-and-games/'}",1.0
https://www.amazon.com/Crayola-Crayons-Assorted-Toddler-16Count/dp/B07L6VQDSC/ref=zg_bs_toys-and-games_29/132-3105173-9301645?_encoding=UTF8&psc=1&refRID=BZ10YZJJ1T0QC9YT1AR2,B07L6VQDSC,"Crayola Jumbo Crayons, Assorted Colors, Great Toddler Crayons, 16Count",$6.25,1587710467.186064,"{'name': 'toys-and-games', 'url': 'https://www.amazon.com/Best-Sellers-Toys-Games/zgbs/toys-and-games/'}",1.0
https://www.amazon.com/Crayola-Twistables-Colored-Exclusive-Stocking/dp/B07D4RN9NH/ref=zg_bs_toys-and-games_36/132-3105173-9301645?_encoding=UTF8&psc=1&refRID=BZ10YZJJ1T0QC9YT1AR2,B07D4RN9NH,"Crayola Twistables Colored Pencils Coloring Set, Kids Indoor Activities At Home, Gift Age 3+ - 50 Count",$12.99,1587710471.248037,"{'name': 'toys-and-games', 'url': 'https://www.amazon.com/Best-Sellers-Toys-Games/zgbs/toys-and-games/'}",1.0
https://www.amazon.com/Nuby-Floating-Purple-Octopus-Interactive/dp/B083ZZSGLR/ref=zg_bs_toys-and-games_49/132-3105173-9301645?_encoding=UTF8&psc=1&refRID=BZ10YZJJ1T0QC9YT1AR2,B083ZZSGLR,Nuby Floating Purple Octopus with 3 Hoopla Rings Interactive Bath Toy,$6.89,1587710476.098365,"{'name': 'toys-and-games', 'url': 'https://www.amazon.com/Best-Sellers-Toys-Games/zgbs/toys-and-games/'}",1.0
https://www.amazon.com/LEGO-Classic-Medium-Creative-Brick/dp/B00NHQFA1I/ref=zg_bs_toys-and-games_19/132-3105173-9301645?_encoding=UTF8&psc=1&refRID=BZ10YZJJ1T0QC9YT1AR2,B00NHQFA1I,LEGO Classic Medium Creative Brick Box 10696 Building Toys for Creative Play; Kids Creative Kit (484 Pieces),$27.99,1587710480.824124,"{'name': 'toys-and-games', 'url': 'https://www.amazon.com/Best-Sellers-Toys-Games/zgbs/toys-and-games/'}",1.0
https://www.amazon.com/Hasbro-A5640-Connect-4-Game/dp/B00D8STBHY/ref=zg_bs_toys-and-games_2/132-3105173-9301645?_encoding=UTF8&psc=1&refRID=BZ10YZJJ1T0QC9YT1AR2,B00D8STBHY,Hasbro Connect 4 Game,$12.99,1587710485.395145,"{'name': 'toys-and-games', 'url': 'https://www.amazon.com/Best-Sellers-Toys-Games/zgbs/toys-and-games/'}",1.0
https://www.amazon.com/Aqua-Monterey-Multi-Purpose-Inflatable-Portable/dp/B073WMYP6M/ref=zg_bs_toys-and-games_26/132-3105173-9301645?_encoding=UTF8&psc=1&refRID=BZ10YZJJ1T0QC9YT1AR2,B073WMYP6M,"Aqua 4-in-1 Monterey Hammock Inflatable Pool Float, Multi-Purpose Pool Hammock (Saddle, Lounge Chair, Hammock, Drifter) Pool Chair, Portable Water Hammock, Navy/White Stripe",$15.07,1587710489.687081,"{'name': 'toys-and-games', 'url': 'https://www.amazon.com/Best-Sellers-Toys-Games/zgbs/toys-and-games/'}",1.0
https://www.amazon.com/SplashEZ-Sprinkler-Splash-Wading-Learning/dp/B07MNMT3M7/ref=zg_bs_toys-and-games_23/132-3105173-9301645?_encoding=UTF8&psc=1&refRID=BZ10YZJJ1T0QC9YT1AR2,B07MNMT3M7,,,1587710494.358488,"{'name': 'toys-and-games', 'url': 'https://www.amazon.com/Best-Sellers-Toys-Games/zgbs/toys-and-games/'}",1.0
https://www.amazon.com/Creative-Roots-Stepping-Horizon-Assorted/dp/B07HSJ5R7V/ref=zg_bs_toys-and-games_50/132-3105173-9301645?_encoding=UTF8&psc=1&refRID=BZ10YZJJ1T0QC9YT1AR2,B07HSJ5R7V,"CREATIVE ROOTS Paint Your Own Flower Stepping Stone by Horizon Group USA Toy, Assorted",$7.99,1587710498.41318,"{'name': 'toys-and-games', 'url': 'https://www.amazon.com/Best-Sellers-Toys-Games/zgbs/toys-and-games/'}",1.0
https://www.amazon.com/Postage-Stamps-envelopes-Wayne-Global/dp/B081J497K2/ref=zg_bs_toys-and-games_44/132-3105173-9301645?_encoding=UTF8&psc=1&refRID=BZ10YZJJ1T0QC9YT1AR2,B081J497K2,20 Postage Stamps with 20 (#10) envelopes Bundle by Wayne Global- Stamp Design May Vary,$16.90,1587710501.871581,"{'name': 'toys-and-games', 'url': 'https://www.amazon.com/Best-Sellers-Toys-Games/zgbs/toys-and-games/'}",1.0
https://www.amazon.com/Kinetic-Sand-Beach-Kingdom-Playset/dp/B079P87RVB/ref=zg_bs_toys-and-games_41/132-3105173-9301645?_encoding=UTF8&psc=1&refRID=BZ10YZJJ1T0QC9YT1AR2,B079P87RVB,"Kinetic Sand Beach Sand Kingdom Playset with 3lbs of Beach Sand, for Ages 3 and Up",$19.97,1587710506.2379,"{'name': 'toys-and-games', 'url': 'https://www.amazon.com/Best-Sellers-Toys-Games/zgbs/toys-and-games/'}",1.0
https://www.amazon.com/Hasbro-B0965-Monopoly-Deal-Card/dp/B00NQQTZCO/ref=zg_bs_toys-and-games_18/132-3105173-9301645?_encoding=UTF8&psc=1&refRID=BZ10YZJJ1T0QC9YT1AR2,B00NQQTZCO,Monopoly Deal Card Game,$7.99,1587710510.270083,"{'name': 'toys-and-games', 'url': 'https://www.amazon.com/Best-Sellers-Toys-Games/zgbs/toys-and-games/'}",1.0
https://www.amazon.com/LEGO-Classic-Green-Baseplate-Supplement/dp/B00NHQF65S/ref=zg_bs_toys-and-games_14/132-3105173-9301645?_encoding=UTF8&psc=1&refRID=BZ10YZJJ1T0QC9YT1AR2,B00NHQF65S,"LEGO Classic Green Baseplate 2304 Supplement for Building, Playing, and Displaying LEGO Creations, 10cm x 10cm, Large Building Base Accessory for Kids and Adults (1 Piece)",$4.99,1587710514.62869,"{'name': 'toys-and-games', 'url': 'https://www.amazon.com/Best-Sellers-Toys-Games/zgbs/toys-and-games/'}",1.0
https://www.amazon.com/ThinkFun-Zingo-Winning-Pre-Readers-Readers/dp/B01DY818JG/ref=zg_bs_toys-and-games_46/132-3105173-9301645?_encoding=UTF8&psc=1&refRID=BZ10YZJJ1T0QC9YT1AR2,B01DY818JG,"ThinkFun Zingo Bingo Award Winning Preschool Game for Pre-Readers and Early Readers Age 4 and Up - One of the Most Popular Board Games for Boys and Girls and their Parents, Amazon Exclusive Version",$19.99,1587710519.754601,"{'name': 'toys-and-games', 'url': 'https://www.amazon.com/Best-Sellers-Toys-Games/zgbs/toys-and-games/'}",1.0
https://www.amazon.com/Elmers-Liquid-Glitter-Washable-Assorted/dp/B008M56YZU/ref=zg_bs_toys-and-games_39/132-3105173-9301645?_encoding=UTF8&psc=1&refRID=BZ10YZJJ1T0QC9YT1AR2,B008M56YZU,"Elmer's Liquid Glitter Glue, Great For Making Slime, Washable, Assorted Colors, 6 Ounces Each, 3 Count",$11.95,1587710524.182949,"{'name': 'toys-and-games', 'url': 'https://www.amazon.com/Best-Sellers-Toys-Games/zgbs/toys-and-games/'}",1.0
https://www.amazon.com/SunWorks-Construction-Paper-White-Sheets/dp/B0017OHG1O/ref=zg_bs_toys-and-games_35/132-3105173-9301645?_encoding=UTF8&psc=1&refRID=BZ10YZJJ1T0QC9YT1AR2,B0017OHG1O,"SunWorks Heavyweight Construction Paper, 9 x 12 Inches, White, 100 Sheets",$3.69,1587710528.448148,"{'name': 'toys-and-games', 'url': 'https://www.amazon.com/Best-Sellers-Toys-Games/zgbs/toys-and-games/'}",1.0
https://www.amazon.com/Cards-Against-Humanity-LLC-CAHUS/dp/B004S8F7QM/ref=zg_bs_toys-and-games_13/132-3105173-9301645?_encoding=UTF8&psc=1&refRID=BZ10YZJJ1T0QC9YT1AR2,B004S8F7QM,Cards Against Humanity,$25.00,1587710532.579764,"{'name': 'toys-and-games', 'url': 'https://www.amazon.com/Best-Sellers-Toys-Games/zgbs/toys-and-games/'}",1.0
https://www.amazon.com/SunWorks-Construction-Assorted-Colors-Sheets/dp/B0017OJKLI/ref=zg_bs_toys-and-games_45/132-3105173-9301645?_encoding=UTF8&psc=1&refRID=BZ10YZJJ1T0QC9YT1AR2,B0017OJKLI,"SunWorks Construction Paper, 10 Assorted Colors, 9"" x 12"", 100 Sheets",$8.29,1587710536.734776,"{'name': 'toys-and-games', 'url': 'https://www.amazon.com/Best-Sellers-Toys-Games/zgbs/toys-and-games/'}",1.0
https://www.amazon.com/Regal-Games-Chalk-City-Washable/dp/B071CKSMS7/ref=zg_bs_toys-and-games_4/132-3105173-9301645?_encoding=UTF8&psc=1&refRID=BZ10YZJJ1T0QC9YT1AR2,B071CKSMS7,Regal Games Chalk City - 20 Piece Jumbo Washable Sidewalk Chalk,$12.99,1587710540.700386,"{'name': 'toys-and-games', 'url': 'https://www.amazon.com/Best-Sellers-Toys-Games/zgbs/toys-and-games/'}",1.0
https://www.amazon.com/Chalk-Jumbo-Sidewalk-Count-colors/dp/B079WL9MXC/ref=zg_bs_toys-and-games_31/132-3105173-9301645?_encoding=UTF8&psc=1&refRID=BZ10YZJJ1T0QC9YT1AR2,B079WL9MXC,Chalk Jumbo Sidewalk Chalk 20 Count- 5 colors,$11.54,1587710544.845982,"{'name': 'toys-and-games', 'url': 'https://www.amazon.com/Best-Sellers-Toys-Games/zgbs/toys-and-games/'}",1.0
https://www.amazon.com/L-L-Surprise-Sparkle-Multicolor/dp/B07PQVRPR1/ref=zg_bs_toys-and-games_11/132-3105173-9301645?_encoding=UTF8&psc=1&refRID=BZ10YZJJ1T0QC9YT1AR2,B07PQVRPR1,"L.O.L. Surprise Dolls Sparkle Series A, Multicolor",$10.88,1587710548.968711,"{'name': 'toys-and-games', 'url': 'https://www.amazon.com/Best-Sellers-Toys-Games/zgbs/toys-and-games/'}",1.0
https://www.amazon.com/First-Years-Stack-Up-Cups/dp/B00005C5H4/ref=zg_bs_toys-and-games_27/132-3105173-9301645?_encoding=UTF8&psc=1&refRID=BZ10YZJJ1T0QC9YT1AR2,B00005C5H4,The First Years Stack Up Cup Toys,$6.00,1587710553.511947,"{'name': 'toys-and-games', 'url': 'https://www.amazon.com/Best-Sellers-Toys-Games/zgbs/toys-and-games/'}",1.0
https://www.amazon.com/L-L-Surprise-Surprises-Including/dp/B07XSPCBVP/ref=zg_bs_toys-and-games_24/132-3105173-9301645?_encoding=UTF8&psc=1&refRID=BZ10YZJJ1T0QC9YT1AR2,B07XSPCBVP,L.O.L. Surprise! Lights Glitter Doll with 8 Surprises Including Black Light Surprises,$10.88,1587710557.853337,"{'name': 'toys-and-games', 'url': 'https://www.amazon.com/Best-Sellers-Toys-Games/zgbs/toys-and-games/'}",1.0
https://www.amazon.com/Crayola-Washable-Sidewalk-Outdoor-Exclusive/dp/B00LH1WN4W/ref=zg_bs_toys-and-games_38/132-3105173-9301645?_encoding=UTF8&psc=1&refRID=BZ10YZJJ1T0QC9YT1AR2,B00LH1WN4W,,,1587710561.94799,"{'name': 'toys-and-games', 'url': 'https://www.amazon.com/Best-Sellers-Toys-Games/zgbs/toys-and-games/'}",1.0
https://www.amazon.com/Crayola-Erasable-Non-Toxic-Pre-Sharpened-Gradation/dp/B000PCWKBA/ref=zg_bs_toys-and-games_20/132-3105173-9301645?_encoding=UTF8&psc=1&refRID=BZ10YZJJ1T0QC9YT1AR2,B000PCWKBA,"Crayola Erasable Colored Pencils, Kids At Home Activities, 24 Count",$5.97,1587710566.126397,"{'name': 'toys-and-games', 'url': 'https://www.amazon.com/Best-Sellers-Toys-Games/zgbs/toys-and-games/'}",1.0
https://www.amazon.com/Crayola-Washable-Watercolors-8-ea/dp/B000HHKAE2/ref=zg_bs_toys-and-games_21/132-3105173-9301645?_encoding=UTF8&psc=1&refRID=BZ10YZJJ1T0QC9YT1AR2,B000HHKAE2,"Crayola Washable Watercolors, Paint Set For Kids, 8Count",$1.99,1587710570.380472,"{'name': 'toys-and-games', 'url': 'https://www.amazon.com/Best-Sellers-Toys-Games/zgbs/toys-and-games/'}",1.0
https://www.amazon.com/Crayola-Colored-Pre-sharpened-Coloring-Stocking/dp/B018HB2QFU/ref=zg_bs_toys-and-games_10/132-3105173-9301645?_encoding=UTF8&psc=1&refRID=BZ10YZJJ1T0QC9YT1AR2,B018HB2QFU,"Crayola Colored Pencils, Adult Coloring, Fun At Home Activities, 50 Count",$19.38,1587710574.740115,"{'name': 'toys-and-games', 'url': 'https://www.amazon.com/Best-Sellers-Toys-Games/zgbs/toys-and-games/'}",1.0
https://www.amazon.com/Little-Tikes-Spiralin-Waterpark-Table/dp/B004INDQWY/ref=zg_bs_toys-and-games_37/132-3105173-9301645?_encoding=UTF8&psc=1&refRID=BZ10YZJJ1T0QC9YT1AR2,B004INDQWY,Little Tikes Spiralinâ€™ Seas Waterpark Water Table,$44.99,1587710578.946309,"{'name': 'toys-and-games', 'url': 'https://www.amazon.com/Best-Sellers-Toys-Games/zgbs/toys-and-games/'}",1.0
https://www.amazon.com/Darice-Solution-Top-Works-Machines-Birthdays/dp/B07RYBB4NZ/ref=zg_bs_toys-and-games_7/132-3105173-9301645?_encoding=UTF8&psc=1&refRID=BZ10YZJJ1T0QC9YT1AR2,B07RYBB4NZ,"Darice 64-Ounce Bubble Solution-Includes Wand and Easy Pour Funnel Top-Works with Bubble Machines-for Weddings, Birthdays and Outdoor Events",$9.00,1587710582.770843,"{'name': 'toys-and-games', 'url': 'https://www.amazon.com/Best-Sellers-Toys-Games/zgbs/toys-and-games/'}",1.0
https://www.amazon.com/Crayola-Markers-Assorted-Colors-Coloring/dp/B01C64BASI/ref=zg_bs_toys-and-games_40/132-3105173-9301645?_encoding=UTF8&psc=1&refRID=BZ10YZJJ1T0QC9YT1AR2,B01C64BASI,"Crayola Fine Line Markers Adult Coloring Set, Gift Age 12+ - 40 Count",$12.99,1587710587.327831,"{'name': 'toys-and-games', 'url': 'https://www.amazon.com/Best-Sellers-Toys-Games/zgbs/toys-and-games/'}",1.0
https://www.amazon.com/Disney-Princess-Necklace-Activity-Set/dp/B0747ZGTTG/ref=zg_bs_toys-and-games_25/132-3105173-9301645?_encoding=UTF8&psc=1&refRID=BZ10YZJJ1T0QC9YT1AR2,B0747ZGTTG,Tara Toy Disney Princess Necklace Activity Set,$12.79,1587710592.556131,"{'name': 'toys-and-games', 'url': 'https://www.amazon.com/Best-Sellers-Toys-Games/zgbs/toys-and-games/'}",1.0
https://www.amazon.com/Wyze-Indoor-Wireless-Detection-Assistant/dp/B076H3SRXG/ref=zg_bs_electronics_16?_encoding=UTF8&psc=1&refRID=GGNJR9AXHDW7SAG05ZFQ,B076H3SRXG,"Wyze Cam 1080p HD Indoor Wireless Smart Home Camera with Night Vision, 2-Way Audio, Works with Alexa & the Google Assistant, One Pack, White - WYZEC2",$25.98,1587710598.783481,"{'name': 'electronics', 'url': 'https://www.amazon.com/Best-Sellers-Electronics/zgbs/electronics/'}",1.0
https://www.amazon.com/amFilm-Tempered-Screen-Protector-Nintendo-Switch/dp/B01N3ASPNV/ref=zg_bs_electronics_39?_encoding=UTF8&psc=1&refRID=GGNJR9AXHDW7SAG05ZFQ,B01N3ASPNV,amFilm Tempered Glass Screen Protector for Nintendo Switch 2017 (2-Pack),$15.99,1587710604.218599,"{'name': 'electronics', 'url': 'https://www.amazon.com/Best-Sellers-Electronics/zgbs/electronics/'}",1.0
https://www.amazon.com/Fire-HD-10/dp/B07K1RZWMC/ref=zg_bs_electronics_18?_encoding=UTF8&psc=1&refRID=GGNJR9AXHDW7SAG05ZFQ,B07K1RZWMC,"All-New Fire HD 10 Tablet (10.1"" 1080p full HD display, 32 GB) â€“ Black",$149.99,1587710608.954996,"{'name': 'electronics', 'url': 'https://www.amazon.com/Best-Sellers-Electronics/zgbs/electronics/'}",1.0
https://www.amazon.com/all-new-Echo/dp/B07R1CXKN7/ref=zg_bs_electronics_42?_encoding=UTF8&psc=1&refRID=GGNJR9AXHDW7SAG05ZFQ,B07R1CXKN7,Echo (3rd Gen) - Voice control your music with Alexa - Twilight Blue,$59.99,1587710613.882609,"{'name': 'electronics', 'url': 'https://www.amazon.com/Best-Sellers-Electronics/zgbs/electronics/'}",1.0
https://www.amazon.com/TCL-40S325-Inch-1080p-Smart/dp/B07GB61TQR/ref=zg_bs_electronics_28?_encoding=UTF8&psc=1&refRID=GGNJR9AXHDW7SAG05ZFQ,B07GB61TQR,TCL 40S325 40 Inch 1080p Smart LED Roku TV (2019),$189.99,1587710619.641713,"{'name': 'electronics', 'url': 'https://www.amazon.com/Best-Sellers-Electronics/zgbs/electronics/'}",1.0
https://www.amazon.com/Fujifilm-INSTAX-Instant-Sheets-Cameras/dp/B06W5JYQX1/ref=zg_bs_electronics_47?_encoding=UTF8&psc=1&refRID=GGNJR9AXHDW7SAG05ZFQ,B06W5JYQX1,"Fujifilm INSTAX Mini Instant Film 2 Pack = 20 Sheets (White) for Fujifilm Mini 8 & Mini 9 Cameras, Model:4332059078",$14.98,1587710624.290031,"{'name': 'electronics', 'url': 'https://www.amazon.com/Best-Sellers-Electronics/zgbs/electronics/'}",1.0
https://www.amazon.com/Roku-Streaming-Stick-HDR-Streaming-Long-range/dp/B075XLWML4/ref=zg_bs_electronics_6?_encoding=UTF8&psc=1&refRID=GGNJR9AXHDW7SAG05ZFQ,B075XLWML4,Roku Streaming Stick+ | HD/4K/HDR Streaming Device with Long-range Wireless and Voice Remote with TV Controls (updated for 2019),$49.00,1587710628.860014,"{'name': 'electronics', 'url': 'https://www.amazon.com/Best-Sellers-Electronics/zgbs/electronics/'}",1.0
https://www.amazon.com/TCL-55S425-inch-Smart-Roku/dp/B07JJZPZNS/ref=zg_bs_electronics_37?_encoding=UTF8&psc=1&refRID=GGNJR9AXHDW7SAG05ZFQ,B07JJZPZNS,TCL 55S425 55 inch 4K Smart LED Roku TV (2019),$299.99,1587710633.193358,"{'name': 'electronics', 'url': 'https://www.amazon.com/Best-Sellers-Electronics/zgbs/electronics/'}",1.0
https://www.amazon.com/Echo-Dot-3rd-Gen-speaker/dp/B07W95GZNH/ref=zg_bs_electronics_9?_encoding=UTF8&psc=1&refRID=GGNJR9AXHDW7SAG05ZFQ,B07W95GZNH,Echo Dot (3rd Gen) - Smart speaker with Alexa - Plum,$29.99,1587710638.169365,"{'name': 'electronics', 'url': 'https://www.amazon.com/Best-Sellers-Electronics/zgbs/electronics/'}",1.0
https://www.amazon.com/Fire-TV-Stick-4K-with-Alexa-Voice-Remote/dp/B079QHML21/ref=zg_bs_electronics_3?_encoding=UTF8&psc=1&refRID=GGNJR9AXHDW7SAG05ZFQ,B079QHML21,"Fire TV Stick 4K streaming device with Alexa built in, Dolby Vision, includes Alexa Voice Remote, latest release",$49.99,1587710643.09124,"{'name': 'electronics', 'url': 'https://www.amazon.com/Best-Sellers-Electronics/zgbs/electronics/'}",1.0
https://www.amazon.com/Roku-Premiere-HDR-Streaming-Player-Premium/dp/B07HDBZN7Q/ref=zg_bs_electronics_12?_encoding=UTF8&psc=1&refRID=GGNJR9AXHDW7SAG05ZFQ,B07HDBZN7Q,"Roku Premiere | HD/4K/HDR Streaming Media Player, Simple Remote and Premium HDMI Cable",$38.99,1587710647.988964,"{'name': 'electronics', 'url': 'https://www.amazon.com/Best-Sellers-Electronics/zgbs/electronics/'}",1.0
https://www.amazon.com/Introducing-Echo-Show-Compact-Charcoal/dp/B07HZLHPKP/ref=zg_bs_electronics_35?_encoding=UTF8&psc=1&refRID=GGNJR9AXHDW7SAG05ZFQ,B07HZLHPKP,Echo Show 5 â€“ stay connected and in touch with Alexa - Charcoal,$69.99,1587710652.873761,"{'name': 'electronics', 'url': 'https://www.amazon.com/Best-Sellers-Electronics/zgbs/electronics/'}",1.0
https://www.amazon.com/TR-Industrial-TR88302-Multi-Purpose-Cable/dp/B01018DC96/ref=zg_bs_electronics_33?_encoding=UTF8&psc=1&refRID=GGNJR9AXHDW7SAG05ZFQ,B01018DC96,"TR Industrial Multi-Purpose UV Resistant Black Cable Ties, 8 inches, 100 Pack",$7.99,1587710658.179977,"{'name': 'electronics', 'url': 'https://www.amazon.com/Best-Sellers-Electronics/zgbs/electronics/'}",1.0
https://www.amazon.com/Fire-7-Kids-Edition-Tablet/dp/B07H8WS1FT/ref=zg_bs_electronics_38?_encoding=UTF8&psc=1&refRID=GGNJR9AXHDW7SAG05ZFQ,B07H8WS1FT,"Fire 7 Kids Edition Tablet, 7"" Display, 16 GB, Blue Kid-Proof Case",$99.99,1587710663.244756,"{'name': 'electronics', 'url': 'https://www.amazon.com/Best-Sellers-Electronics/zgbs/electronics/'}",1.0
https://www.amazon.com/TCL-50S425-inch-Smart-Roku/dp/B07JK98NNQ/ref=zg_bs_electronics_46?_encoding=UTF8&psc=1&refRID=GGNJR9AXHDW7SAG05ZFQ,B07JK98NNQ,TCL 50S425 50 inch 4K Smart LED Roku TV (2019),$259.99,1587710667.686866,"{'name': 'electronics', 'url': 'https://www.amazon.com/Best-Sellers-Electronics/zgbs/electronics/'}",1.0
https://www.amazon.com/Fire-TV-Stick-with-Alexa-Voice-Remote/dp/B0791TX5P5/ref=zg_bs_electronics_1?_encoding=UTF8&psc=1&refRID=GGNJR9AXHDW7SAG05ZFQ,B0791TX5P5,"Fire TV Stick streaming media player with Alexa built in, includes Alexa Voice Remote, HD, easy set-up, released 2019",$39.99,1587710672.378923,"{'name': 'electronics', 'url': 'https://www.amazon.com/Best-Sellers-Electronics/zgbs/electronics/'}",1.0
https://www.amazon.com/All-new-Kindle-Paperwhite-Waterproof-Storage/dp/B07CXG6C9W/ref=zg_bs_electronics_30?_encoding=UTF8&psc=1&refRID=GGNJR9AXHDW7SAG05ZFQ,B07CXG6C9W,Kindle Paperwhite â€“ Now Waterproof with 2x the Storage â€“ Includes Special Offers,$129.99,1587710677.05376,"{'name': 'electronics', 'url': 'https://www.amazon.com/Best-Sellers-Electronics/zgbs/electronics/'}",1.0
https://www.amazon.com/GE-Outlet-Protector-Extension-14092/dp/B00DOMYL24/ref=zg_bs_electronics_19?_encoding=UTF8&psc=1&refRID=GGNJR9AXHDW7SAG05ZFQ,B00DOMYL24,"GE 6 Outlet Surge Protector, 10 Ft Extension Cord, Power Strip, 800 Joules, Flat Plug, Twist-to-Close Safety Covers, White, 14092",$12.02,1587710681.739021,"{'name': 'electronics', 'url': 'https://www.amazon.com/Best-Sellers-Electronics/zgbs/electronics/'}",1.0
https://www.amazon.com/all-new-fire-tv-cube-with-alexa-voice-remote/dp/B07KGVB6D6/ref=zg_bs_electronics_44?_encoding=UTF8&psc=1&refRID=GGNJR9AXHDW7SAG05ZFQ,B07KGVB6D6,"All-new Fire TV Cube, hands-free with Alexa built in, 4K Ultra HD, streaming media player, released 2019",$119.99,1587710686.129134,"{'name': 'electronics', 'url': 'https://www.amazon.com/Best-Sellers-Electronics/zgbs/electronics/'}",1.0
https://www.amazon.com/All-New-Tablet-Display-Canary-Yellow/dp/B07952VWF2/ref=zg_bs_electronics_13?_encoding=UTF8&psc=1&refRID=GGNJR9AXHDW7SAG05ZFQ,B07952VWF2,"Fire HD 8 Tablet (8"" HD Display, 16 GB) - Yellow",$49.99,1587710690.80275,"{'name': 'electronics', 'url': 'https://www.amazon.com/Best-Sellers-Electronics/zgbs/electronics/'}",1.0
https://www.amazon.com/Fire-7-Kids-Edition-Tablet/dp/B07H8ZCSL9/ref=zg_bs_electronics_48?_encoding=UTF8&psc=1&refRID=GGNJR9AXHDW7SAG05ZFQ,B07H8ZCSL9,"Fire 7 Kids Edition Tablet, 7"" Display, 16 GB, Pink Kid-Proof Case",$99.99,1587710695.714742,"{'name': 'electronics', 'url': 'https://www.amazon.com/Best-Sellers-Electronics/zgbs/electronics/'}",1.0
https://www.amazon.com/Roku-Streaming-Player-Premium-Headphones/dp/B07WVF9SL5/ref=zg_bs_electronics_45?_encoding=UTF8&psc=1&refRID=GGNJR9AXHDW7SAG05ZFQ,B07WVF9SL5,Roku Ultra | Streaming Media Player 4K/HD/HDR with Premium JBL Headphones 2019,$88.56,1587710699.925413,"{'name': 'electronics', 'url': 'https://www.amazon.com/Best-Sellers-Electronics/zgbs/electronics/'}",1.0
https://www.amazon.com/Capacitive-Stylus-Pen-Multicolor-Touchscreen/dp/B07Y8Q1V1Z/ref=zg_bs_electronics_34?_encoding=UTF8&psc=1&refRID=GGNJR9AXHDW7SAG05ZFQ,B07Y8Q1V1Z,12 Pack Universal Capacitive Stylus Pen Portable Multicolor Touchscreen Stylus Pens Compatible with Apple iPhone 5 /5S/ 5C /6/7/11 Plus iPad Galaxy Tablet Smartphone PDA,$2.99,1587710703.214906,"{'name': 'electronics', 'url': 'https://www.amazon.com/Best-Sellers-Electronics/zgbs/electronics/'}",1.0
https://www.amazon.com/SanDisk-MicroSDXC-Nintendo-Switch-SDSQXAO-128G-GNCZN/dp/B07KXQX3S3/ref=zg_bs_electronics_15?_encoding=UTF8&psc=1&refRID=GGNJR9AXHDW7SAG05ZFQ,B07KXQX3S3,SanDisk 128GB MicroSDXC UHS-I Memory Card for Nintendo Switch - SDSQXAO-128G-GNCZN,$25.99,1587710707.859811,"{'name': 'electronics', 'url': 'https://www.amazon.com/Best-Sellers-Electronics/zgbs/electronics/'}",1.0
https://www.amazon.com/Wyze-Indoor-Wireless-Camera-Vision/dp/B07G2YR23M/ref=zg_bs_electronics_43?_encoding=UTF8&psc=1&refRID=GGNJR9AXHDW7SAG05ZFQ,B07G2YR23M,"Wyze Cam 1080p HD Indoor Smart Home Camera with Night Vision, 2-Way Audio, Works with Alexa & the Google Assistant, White, 2-Pack",$47.65,1587710713.872806,"{'name': 'electronics', 'url': 'https://www.amazon.com/Best-Sellers-Electronics/zgbs/electronics/'}",1.0
https://www.amazon.com/Echo-Show-8/dp/B07PF1Y28C/ref=zg_bs_electronics_36?_encoding=UTF8&psc=1&refRID=GGNJR9AXHDW7SAG05ZFQ,B07PF1Y28C,"Echo Show 8 - HD 8"" smart display with Alexa - Charcoal",$99.99,1587710718.384919,"{'name': 'electronics', 'url': 'https://www.amazon.com/Best-Sellers-Electronics/zgbs/electronics/'}",1.0
https://www.amazon.com/Roku-Express-Streaming-Media-Player/dp/B07WVFCVJN/ref=zg_bs_electronics_4?_encoding=UTF8&psc=1&refRID=GGNJR9AXHDW7SAG05ZFQ,B07WVFCVJN,Roku Express HD Streaming Media Player 2019,$29.00,1587710722.69316,"{'name': 'electronics', 'url': 'https://www.amazon.com/Best-Sellers-Electronics/zgbs/electronics/'}",1.0
https://www.amazon.com/Sabrent-4-Port-Individual-Switches-HB-UMLS/dp/B00BWF5U0M/ref=zg_bs_electronics_24?_encoding=UTF8&psc=1&refRID=GGNJR9AXHDW7SAG05ZFQ,B00BWF5U0M,,,1587710727.38294,"{'name': 'electronics', 'url': 'https://www.amazon.com/Best-Sellers-Electronics/zgbs/electronics/'}",1.0
https://www.amazon.com/Kindle-Paperwhite-Waterproof-Storage-Special/dp/B07PS737QQ/ref=zg_bs_electronics_41?_encoding=UTF8&psc=1&refRID=GGNJR9AXHDW7SAG05ZFQ,B07PS737QQ,Kindle Paperwhite â€“ Now Waterproof with 2x the Storage â€“ Includes Special Offers,$129.99,1587710732.130269,"{'name': 'electronics', 'url': 'https://www.amazon.com/Best-Sellers-Electronics/zgbs/electronics/'}",1.0
https://www.amazon.com/Echo-Dot/dp/B07PDHSLM6/ref=zg_bs_electronics_17?_encoding=UTF8&psc=1&refRID=GGNJR9AXHDW7SAG05ZFQ,B07PDHSLM6,Echo Dot (3rd Gen) - Smart speaker with Alexa - Heather Gray,$29.99,1587710736.597382,"{'name': 'electronics', 'url': 'https://www.amazon.com/Best-Sellers-Electronics/zgbs/electronics/'}",1.0
https://www.amazon.com/Sceptre-E205W-16003R-Frameless-Speakers-Metallic/dp/B07743412C/ref=zg_bs_electronics_32?_encoding=UTF8&psc=1&refRID=GGNJR9AXHDW7SAG05ZFQ,B07743412C,"Sceptre E205W-16003R 20"" 1600x900 up to 75Hz Ultra Thin Frameless LED Monitor 2x HDMI VGA Built-in Speakers, Machine Black (Wide Viewing Angle 170Â° (Horizontal) / 160Â° (Vertical) )",$74.99,1587710740.852886,"{'name': 'electronics', 'url': 'https://www.amazon.com/Best-Sellers-Electronics/zgbs/electronics/'}",1.0
https://www.amazon.com/Acer-SB220Q-Ultra-Thin-Frame-Monitor/dp/B07CVL2D2S/ref=zg_bs_electronics_14?_encoding=UTF8&psc=1&refRID=GGNJR9AXHDW7SAG05ZFQ,B07CVL2D2S,,,1587710743.396808,"{'name': 'electronics', 'url': 'https://www.amazon.com/Best-Sellers-Electronics/zgbs/electronics/'}",1.0
https://www.amazon.com/Fire-Tablet-7/dp/B07FKR6KXF/ref=zg_bs_electronics_25?_encoding=UTF8&psc=1&refRID=GGNJR9AXHDW7SAG05ZFQ,B07FKR6KXF,,,1587710743.42103,"{'name': 'electronics', 'url': 'https://www.amazon.com/Best-Sellers-Electronics/zgbs/electronics/'}",1.0
https://www.amazon.com/All-new-Blink-Outdoor-Security-included/dp/B07MMZF2BF/ref=zg_bs_electronics_49?_encoding=UTF8&psc=1&refRID=GGNJR9AXHDW7SAG05ZFQ,B07MMZF2BF,,,1587710743.438576,"{'name': 'electronics', 'url': 'https://www.amazon.com/Best-Sellers-Electronics/zgbs/electronics/'}",1.0
https://www.amazon.com/Fitbit-Fitness-Smartwatch-Tracking-Included/dp/B07TWFVDWT/ref=zg_bs_electronics_22?_encoding=UTF8&psc=1&refRID=GGNJR9AXHDW7SAG05ZFQ,B07TWFVDWT,,,1587710743.456441,"{'name': 'electronics', 'url': 'https://www.amazon.com/Best-Sellers-Electronics/zgbs/electronics/'}",1.0
https://www.amazon.com/Bototek-Protector-Charging-Extension-Smartphone/dp/B07MVZZV3G/ref=zg_bs_electronics_31?_encoding=UTF8&psc=1&refRID=GGNJR9AXHDW7SAG05ZFQ,B07MVZZV3G,,,1587710743.472248,"{'name': 'electronics', 'url': 'https://www.amazon.com/Best-Sellers-Electronics/zgbs/electronics/'}",1.0
https://www.amazon.com/all-new-Echo/dp/B07NFTVP7P/ref=zg_bs_electronics_27?_encoding=UTF8&psc=1&refRID=GGNJR9AXHDW7SAG05ZFQ,B07NFTVP7P,,,1587710743.486586,"{'name': 'electronics', 'url': 'https://www.amazon.com/Best-Sellers-Electronics/zgbs/electronics/'}",1.0
https://www.amazon.com/OHill-Organizer-Management-Organizing-Adhesive/dp/B071FXZBMV/ref=zg_bs_electronics_40?_encoding=UTF8&psc=1&refRID=GGNJR9AXHDW7SAG05ZFQ,B071FXZBMV,,,1587710743.50088,"{'name': 'electronics', 'url': 'https://www.amazon.com/Best-Sellers-Electronics/zgbs/electronics/'}",1.0
https://www.amazon.com/TP-Link-AC1750-Smart-WiFi-Router/dp/B079JD7F7G/ref=zg_bs_electronics_8?_encoding=UTF8&psc=1&refRID=GGNJR9AXHDW7SAG05ZFQ,B079JD7F7G,,,1587710743.512935,"{'name': 'electronics', 'url': 'https://www.amazon.com/Best-Sellers-Electronics/zgbs/electronics/'}",1.0
https://www.amazon.com/Echo-Dot-3rd-Gen-Sandstone/dp/B07PGL2N7J/ref=zg_bs_electronics_11?_encoding=UTF8&psc=1&refRID=GGNJR9AXHDW7SAG05ZFQ,B07PGL2N7J,,,1587710743.523589,"{'name': 'electronics', 'url': 'https://www.amazon.com/Best-Sellers-Electronics/zgbs/electronics/'}",1.0
https://www.amazon.com/All-New-Fire-Tablet-Display-Marine/dp/B0794Y5P5C/ref=zg_bs_electronics_20?_encoding=UTF8&psc=1&refRID=GGNJR9AXHDW7SAG05ZFQ,B0794Y5P5C,,,1587710743.535128,"{'name': 'electronics', 'url': 'https://www.amazon.com/Best-Sellers-Electronics/zgbs/electronics/'}",1.0
https://www.amazon.com/Sceptre-Curved-Monitor-Speakers-C248W-1920RN/dp/B07KXSR99Y/ref=zg_bs_electronics_10?_encoding=UTF8&psc=1&refRID=GGNJR9AXHDW7SAG05ZFQ,B07KXSR99Y,,,1587710743.546585,"{'name': 'electronics', 'url': 'https://www.amazon.com/Best-Sellers-Electronics/zgbs/electronics/'}",1.0
https://www.amazon.com/Wyze-1080p-Indoor-Camera-Vision/dp/B07DGR98VQ/ref=zg_bs_electronics_21?_encoding=UTF8&psc=1&refRID=GGNJR9AXHDW7SAG05ZFQ,B07DGR98VQ,,,1587710743.55688,"{'name': 'electronics', 'url': 'https://www.amazon.com/Best-Sellers-Electronics/zgbs/electronics/'}",1.0
https://www.amazon.com/Echo-Dot/dp/B07N8RPRF7/ref=zg_bs_electronics_7?_encoding=UTF8&psc=1&refRID=GGNJR9AXHDW7SAG05ZFQ,B07N8RPRF7,,,1587710743.568333,"{'name': 'electronics', 'url': 'https://www.amazon.com/Best-Sellers-Electronics/zgbs/electronics/'}",1.0
https://www.amazon.com/Ring-8AB1S7-0EU0-Rechargeable-Battery-Pack/dp/B076JKHDQT/ref=zg_bs_electronics_26?_encoding=UTF8&psc=1&refRID=GGNJR9AXHDW7SAG05ZFQ,B076JKHDQT,,,1587710743.579449,"{'name': 'electronics', 'url': 'https://www.amazon.com/Best-Sellers-Electronics/zgbs/electronics/'}",1.0
https://www.amazon.com/Echo-Dot/dp/B07FZ8S74R/ref=zg_bs_electronics_2?_encoding=UTF8&psc=1&refRID=GGNJR9AXHDW7SAG05ZFQ,B07FZ8S74R,,,1587710743.590281,"{'name': 'electronics', 'url': 'https://www.amazon.com/Best-Sellers-Electronics/zgbs/electronics/'}",1.0
https://www.amazon.com/Apple-iPad-10-2-Inch-Wi-Fi-32GB/dp/B07XL7G4H6/ref=zg_bs_electronics_5?_encoding=UTF8&psc=1&refRID=GGNJR9AXHDW7SAG05ZFQ,B07XL7G4H6,,,1587710743.602469,"{'name': 'electronics', 'url': 'https://www.amazon.com/Best-Sellers-Electronics/zgbs/electronics/'}",1.0
https://www.amazon.com/Amazon-Smart-Plug-works-Alexa/dp/B01MZEEFNX/ref=zg_bs_electronics_50?_encoding=UTF8&psc=1&refRID=GGNJR9AXHDW7SAG05ZFQ,B01MZEEFNX,,,1587710743.613464,"{'name': 'electronics', 'url': 'https://www.amazon.com/Best-Sellers-Electronics/zgbs/electronics/'}",1.0
https://www.amazon.com/All-New-Fire-Tablet-Display-Punch/dp/B078HNTH41/ref=zg_bs_electronics_29?_encoding=UTF8&psc=1&refRID=GGNJR9AXHDW7SAG05ZFQ,B078HNTH41,,,1587710743.624732,"{'name': 'electronics', 'url': 'https://www.amazon.com/Best-Sellers-Electronics/zgbs/electronics/'}",1.0
https://www.amazon.com/Hanes-Beefy-T-Adult-Short-Sleeve-T-Shirt/dp/B004COBWOI/ref=zg_bs_fashion_34?_encoding=UTF8&psc=1&refRID=M4P7EFK0DWPMB3G1P3S6,B004COBWOI,,,1587710743.636214,"{'name': 'fashion', 'url': 'https://www.amazon.com/Best-Sellers/zgbs/fashion/'}",1.0
https://www.amazon.com/Hanes-Ecosmart-Fleece-Sweatshirt-Forest/dp/B01L8JJ7XW/ref=zg_bs_fashion_6?_encoding=UTF8&psc=1&refRID=M4P7EFK0DWPMB3G1P3S6,B01L8JJ7XW,,,1587710743.647071,"{'name': 'fashion', 'url': 'https://www.amazon.com/Best-Sellers/zgbs/fashion/'}",1.0
https://www.amazon.com/Levis-Regular-Fit-Jeans-Medium-Stonewash/dp/B0018QS7CI/ref=zg_bs_fashion_29?_encoding=UTF8&psc=1&refRID=M4P7EFK0DWPMB3G1P3S6,B0018QS7CI,,,1587710743.657577,"{'name': 'fashion', 'url': 'https://www.amazon.com/Best-Sellers/zgbs/fashion/'}",1.0
https://www.amazon.com/Novelty-Bandanas-Paisley-Cotton-Brown/dp/B00II9UNAM/ref=zg_bs_fashion_16?_encoding=UTF8&psc=1&refRID=M4P7EFK0DWPMB3G1P3S6,B00II9UNAM,,,1587710743.668114,"{'name': 'fashion', 'url': 'https://www.amazon.com/Best-Sellers/zgbs/fashion/'}",1.0
https://www.amazon.com/Fruit-Loom-CoolZone-Briefs-Argyle/dp/B07P7KP1SV/ref=zg_bs_fashion_11?_encoding=UTF8&psc=1&refRID=M4P7EFK0DWPMB3G1P3S6,B07P7KP1SV,,,1587710743.679292,"{'name': 'fashion', 'url': 'https://www.amazon.com/Best-Sellers/zgbs/fashion/'}",1.0
https://www.amazon.com/Levis-Bandanas-100-Cotton-Headband/dp/B009YQX1SO/ref=zg_bs_fashion_10?_encoding=UTF8&psc=1&refRID=M4P7EFK0DWPMB3G1P3S6,B009YQX1SO,,,1587710743.689745,"{'name': 'fashion', 'url': 'https://www.amazon.com/Best-Sellers/zgbs/fashion/'}",1.0
https://www.amazon.com/Hanes-Womens-Middle-Sweatpant-Heather/dp/B0169P8OZC/ref=zg_bs_fashion_44?_encoding=UTF8&psc=1&refRID=M4P7EFK0DWPMB3G1P3S6,B0169P8OZC,,,1587710743.70084,"{'name': 'fashion', 'url': 'https://www.amazon.com/Best-Sellers/zgbs/fashion/'}",1.0
https://www.amazon.com/Gildan-Mens-T-Shirt-Assortment-Small/dp/B077ZKF9ZN/ref=zg_bs_fashion_8?_encoding=UTF8&psc=1&refRID=M4P7EFK0DWPMB3G1P3S6,B077ZKF9ZN,,,1587710743.711309,"{'name': 'fashion', 'url': 'https://www.amazon.com/Best-Sellers/zgbs/fashion/'}",1.0
https://www.amazon.com/Champion-Short-Pockets-Black-Small/dp/B0036OS6KS/ref=zg_bs_fashion_41?_encoding=UTF8&psc=1&refRID=M4P7EFK0DWPMB3G1P3S6,B0036OS6KS,,,1587710743.722314,"{'name': 'fashion', 'url': 'https://www.amazon.com/Best-Sellers/zgbs/fashion/'}",1.0
https://www.amazon.com/Amazon-Essentials-Classic-Fit-Short-Sleeve-T-Shirt/dp/B07752LYFW/ref=zg_bs_fashion_17?_encoding=UTF8&psc=1&refRID=M4P7EFK0DWPMB3G1P3S6,B07752LYFW,,,1587710743.733224,"{'name': 'fashion', 'url': 'https://www.amazon.com/Best-Sellers/zgbs/fashion/'}",1.0
https://www.amazon.com/Crocs-Baby-Littles-Clog-Infant-Lavender/dp/B07HHSX6B7/ref=zg_bs_fashion_15?_encoding=UTF8&psc=1&refRID=M4P7EFK0DWPMB3G1P3S6,B07HHSX6B7,,,1587710743.74371,"{'name': 'fashion', 'url': 'https://www.amazon.com/Best-Sellers/zgbs/fashion/'}",1.0
https://www.amazon.com/Baleaf-Womens-Workout-Control-Pockets/dp/B07LF27WBQ/ref=zg_bs_fashion_28?_encoding=UTF8&psc=1&refRID=M4P7EFK0DWPMB3G1P3S6,B07LF27WBQ,,,1587710743.755589,"{'name': 'fashion', 'url': 'https://www.amazon.com/Best-Sellers/zgbs/fashion/'}",1.0
https://www.amazon.com/UHEREBUY-Gaiter-Scarf-Protection-Headwear/dp/B07XYNQ2ST/ref=zg_bs_fashion_14?_encoding=UTF8&psc=1&refRID=M4P7EFK0DWPMB3G1P3S6,B07XYNQ2ST,,,1587710743.766949,"{'name': 'fashion', 'url': 'https://www.amazon.com/Best-Sellers/zgbs/fashion/'}",1.0
https://www.amazon.com/Hanes-Womens-Jersey-Short-Black/dp/B016YKIBHS/ref=zg_bs_fashion_12?_encoding=UTF8&psc=1&refRID=M4P7EFK0DWPMB3G1P3S6,B016YKIBHS,,,1587710743.777429,"{'name': 'fashion', 'url': 'https://www.amazon.com/Best-Sellers/zgbs/fashion/'}",1.0
https://www.amazon.com/Gerber-5-Pack-Onesies-Bodysuits-Newborn/dp/B007CRR7YQ/ref=zg_bs_fashion_32?_encoding=UTF8&psc=1&refRID=M4P7EFK0DWPMB3G1P3S6,B007CRR7YQ,,,1587710743.788387,"{'name': 'fashion', 'url': 'https://www.amazon.com/Best-Sellers/zgbs/fashion/'}",1.0
https://www.amazon.com/Konikit-Seamless-Headband-Bandanas-Balaclavas/dp/B086X239YW/ref=zg_bs_fashion_18?_encoding=UTF8&psc=1&refRID=M4P7EFK0DWPMB3G1P3S6,B086X239YW,,,1587710743.799432,"{'name': 'fashion', 'url': 'https://www.amazon.com/Best-Sellers/zgbs/fashion/'}",1.0
https://www.amazon.com/Amazon-Essentials-Short-Sleeve-Crewneck-T-Shirt/dp/B07756KYJJ/ref=zg_bs_fashion_39?_encoding=UTF8&psc=1&refRID=M4P7EFK0DWPMB3G1P3S6,B07756KYJJ,,,1587710743.810474,"{'name': 'fashion', 'url': 'https://www.amazon.com/Best-Sellers/zgbs/fashion/'}",1.0
https://www.amazon.com/Hanes-ComfortSoft-Cotton-T-Shirt-Black-Steel-S-2PK/dp/B018MS63B6/ref=zg_bs_fashion_47?_encoding=UTF8&psc=1&refRID=M4P7EFK0DWPMB3G1P3S6,B018MS63B6,,,1587710743.821412,"{'name': 'fashion', 'url': 'https://www.amazon.com/Best-Sellers/zgbs/fashion/'}",1.0
https://www.amazon.com/Rebirth-Shop-Anti-Haze-Breathable-Lightweight/dp/B08767JLB8/ref=zg_bs_fashion_36?_encoding=UTF8&psc=1&refRID=M4P7EFK0DWPMB3G1P3S6,B08767JLB8,,,1587710743.832728,"{'name': 'fashion', 'url': 'https://www.amazon.com/Best-Sellers/zgbs/fashion/'}",1.0
https://www.amazon.com/Fruit-Loom-womens-Cotton-Pullover/dp/B07K9C8NRT/ref=zg_bs_fashion_45?_encoding=UTF8&psc=1&refRID=M4P7EFK0DWPMB3G1P3S6,B07K9C8NRT,,,1587710743.842966,"{'name': 'fashion', 'url': 'https://www.amazon.com/Best-Sellers/zgbs/fashion/'}",1.0
https://www.amazon.com/Fruit-Loom-Womens-Built-Up-Sports/dp/B07KL1WLG6/ref=zg_bs_fashion_26?_encoding=UTF8&psc=1&refRID=M4P7EFK0DWPMB3G1P3S6,B07KL1WLG6,,,1587710743.854236,"{'name': 'fashion', 'url': 'https://www.amazon.com/Best-Sellers/zgbs/fashion/'}",1.0
https://www.amazon.com/Carhartt-Workwear-Pocket-Short-Sleeve-T-Shirt/dp/B0007XB2Y8/ref=zg_bs_fashion_1?_encoding=UTF8&psc=1&refRID=M4P7EFK0DWPMB3G1P3S6,B0007XB2Y8,,,1587710743.86586,"{'name': 'fashion', 'url': 'https://www.amazon.com/Best-Sellers/zgbs/fashion/'}",1.0
https://www.amazon.com/Bali-Designs-Womens-Comfort-Revolution/dp/B06X1BWH4S/ref=zg_bs_fashion_21?_encoding=UTF8&psc=1&refRID=M4P7EFK0DWPMB3G1P3S6,B06X1BWH4S,,,1587710743.876316,"{'name': 'fashion', 'url': 'https://www.amazon.com/Best-Sellers/zgbs/fashion/'}",1.0
https://www.amazon.com/Amazon-Essentials-2-Pack-Loose-Fit-Performance/dp/B0719SF8JT/ref=zg_bs_fashion_46?_encoding=UTF8&psc=1&refRID=M4P7EFK0DWPMB3G1P3S6,B0719SF8JT,,,1587710743.886596,"{'name': 'fashion', 'url': 'https://www.amazon.com/Best-Sellers/zgbs/fashion/'}",1.0
https://www.amazon.com/Balaclava-Protection-Women-Gaiters-Bandana/dp/B086X8X7BR/ref=zg_bs_fashion_48?_encoding=UTF8&psc=1&refRID=M4P7EFK0DWPMB3G1P3S6,B086X8X7BR,,,1587710743.897854,"{'name': 'fashion', 'url': 'https://www.amazon.com/Best-Sellers/zgbs/fashion/'}",1.0
https://www.amazon.com/Gildan-Fleece-Crewneck-Sweatshirt-3X-Large/dp/B07MKKRM7L/ref=zg_bs_fashion_31?_encoding=UTF8&psc=1&refRID=M4P7EFK0DWPMB3G1P3S6,B07MKKRM7L,,,1587710743.909,"{'name': 'fashion', 'url': 'https://www.amazon.com/Best-Sellers/zgbs/fashion/'}",1.0
https://www.amazon.com/crocs-Unisex-Classic-White-Women/dp/B00152AGEW/ref=zg_bs_fashion_4?_encoding=UTF8&psc=1&refRID=M4P7EFK0DWPMB3G1P3S6,B00152AGEW,,,1587710743.919328,"{'name': 'fashion', 'url': 'https://www.amazon.com/Best-Sellers/zgbs/fashion/'}",1.0
https://www.amazon.com/Gildan-Cotton-Sleeve-T-Shirt-2-Pack/dp/B076831CCJ/ref=zg_bs_fashion_43?_encoding=UTF8&psc=1&refRID=M4P7EFK0DWPMB3G1P3S6,B076831CCJ,,,1587710743.932443,"{'name': 'fashion', 'url': 'https://www.amazon.com/Best-Sellers/zgbs/fashion/'}",1.0
https://www.amazon.com/TIJN-Blocking-Glasses-Vintage-Eyeglasses/dp/B07JVCSB29/ref=zg_bs_fashion_23?_encoding=UTF8&psc=1&refRID=M4P7EFK0DWPMB3G1P3S6,B07JVCSB29,,,1587710743.943777,"{'name': 'fashion', 'url': 'https://www.amazon.com/Best-Sellers/zgbs/fashion/'}",1.0
https://www.amazon.com/iHeartRaves-Skeleton-Multi-functional-Seamless-Bandana/dp/B015YGSG0U/ref=zg_bs_fashion_3?_encoding=UTF8&psc=1&refRID=M4P7EFK0DWPMB3G1P3S6,B015YGSG0U,,,1587710743.953987,"{'name': 'fashion', 'url': 'https://www.amazon.com/Best-Sellers/zgbs/fashion/'}",1.0
https://www.amazon.com/Hudson-Baby-Sleeveless-Bodysuits-Baseball/dp/B07DPWTB9L/ref=zg_bs_fashion_42?_encoding=UTF8&psc=1&refRID=M4P7EFK0DWPMB3G1P3S6,B07DPWTB9L,,,1587710743.964548,"{'name': 'fashion', 'url': 'https://www.amazon.com/Best-Sellers/zgbs/fashion/'}",1.0
https://www.amazon.com/YIANNA-Underbust-Trainer-Corsets-Hourglass/dp/B0101BQV2I/ref=zg_bs_fashion_33?_encoding=UTF8&psc=1&refRID=M4P7EFK0DWPMB3G1P3S6,B0101BQV2I,,,1587710743.974545,"{'name': 'fashion', 'url': 'https://www.amazon.com/Best-Sellers/zgbs/fashion/'}",1.0
https://www.amazon.com/Amazon-Essentials-Stretch-10-Pack-X-Small/dp/B07CJWMX3C/ref=zg_bs_fashion_7?_encoding=UTF8&psc=1&refRID=M4P7EFK0DWPMB3G1P3S6,B07CJWMX3C,,,1587710743.985213,"{'name': 'fashion', 'url': 'https://www.amazon.com/Best-Sellers/zgbs/fashion/'}",1.0
https://www.amazon.com/Warners-Blissful-Benefits-Hipster-Flamingo/dp/B076DW34RL/ref=zg_bs_fashion_5?_encoding=UTF8&psc=1&refRID=M4P7EFK0DWPMB3G1P3S6,B076DW34RL,,,1587710743.99549,"{'name': 'fashion', 'url': 'https://www.amazon.com/Best-Sellers/zgbs/fashion/'}",1.0
https://www.amazon.com/Hanes-Pullover-EcoSmart-Fleece-Sweatshirt/dp/B072LZTRVC/ref=zg_bs_fashion_13?_encoding=UTF8&psc=1&refRID=M4P7EFK0DWPMB3G1P3S6,B072LZTRVC,,,1587710744.006,"{'name': 'fashion', 'url': 'https://www.amazon.com/Best-Sellers/zgbs/fashion/'}",1.0
https://www.amazon.com/Crocs-Classic-Graphic-Multi-Women/dp/B07GTBP825/ref=zg_bs_fashion_35?_encoding=UTF8&psc=1&refRID=M4P7EFK0DWPMB3G1P3S6,B07GTBP825,,,1587710744.017098,"{'name': 'fashion', 'url': 'https://www.amazon.com/Best-Sellers/zgbs/fashion/'}",1.0
https://www.amazon.com/adidas-Adilette-Shower-Slide-Sandal/dp/B07SBR3TLB/ref=zg_bs_fashion_38?_encoding=UTF8&psc=1&refRID=M4P7EFK0DWPMB3G1P3S6,B07SBR3TLB,,,1587710744.027673,"{'name': 'fashion', 'url': 'https://www.amazon.com/Best-Sellers/zgbs/fashion/'}",1.0
https://www.amazon.com/INTO-AM-Paint-Splatter-Seamless/dp/B07B69CFJF/ref=zg_bs_fashion_2?_encoding=UTF8&psc=1&refRID=M4P7EFK0DWPMB3G1P3S6,B07B69CFJF,,,1587710744.038842,"{'name': 'fashion', 'url': 'https://www.amazon.com/Best-Sellers/zgbs/fashion/'}",1.0
https://www.amazon.com/Dickies-Multi-Pack-Dri-Tech-Moisture-Control/dp/B01N6YAVNM/ref=zg_bs_fashion_19?_encoding=UTF8&psc=1&refRID=M4P7EFK0DWPMB3G1P3S6,B01N6YAVNM,,,1587710744.049483,"{'name': 'fashion', 'url': 'https://www.amazon.com/Best-Sellers/zgbs/fashion/'}",1.0
https://www.amazon.com/Gildan-Fleece-Sweatshirt-G18500-3X-Large/dp/B07MGYGYY8/ref=zg_bs_fashion_50?_encoding=UTF8&psc=1&refRID=M4P7EFK0DWPMB3G1P3S6,B07MGYGYY8,,,1587710744.059332,"{'name': 'fashion', 'url': 'https://www.amazon.com/Best-Sellers/zgbs/fashion/'}",1.0
https://www.amazon.com/BEAUTEVER-Washable-Reusable-Fishing-Women-Black/dp/B087GKBGBL/ref=zg_bs_fashion_49?_encoding=UTF8&psc=1&refRID=M4P7EFK0DWPMB3G1P3S6,B087GKBGBL,,,1587710744.070283,"{'name': 'fashion', 'url': 'https://www.amazon.com/Best-Sellers/zgbs/fashion/'}",1.0
https://www.amazon.com/Native-baby-girls-Jefferson-Shoes-Hollywood/dp/B074H87DL9/ref=zg_bs_fashion_40?_encoding=UTF8&psc=1&refRID=M4P7EFK0DWPMB3G1P3S6,B074H87DL9,,,1587710744.080825,"{'name': 'fashion', 'url': 'https://www.amazon.com/Best-Sellers/zgbs/fashion/'}",1.0
https://www.amazon.com/Womens-Walking-Shoes-Sock-Sneakers/dp/B07R6R7JV5/ref=zg_bs_fashion_20?_encoding=UTF8&psc=1&refRID=M4P7EFK0DWPMB3G1P3S6,B07R6R7JV5,,,1587710744.09291,"{'name': 'fashion', 'url': 'https://www.amazon.com/Best-Sellers/zgbs/fashion/'}",1.0
https://www.amazon.com/Gildan-Ultra-Cotton-Black-Small/dp/B01LZ2WFDA/ref=zg_bs_fashion_24?_encoding=UTF8&psc=1&refRID=M4P7EFK0DWPMB3G1P3S6,B01LZ2WFDA,,,1587710744.106226,"{'name': 'fashion', 'url': 'https://www.amazon.com/Best-Sellers/zgbs/fashion/'}",1.0
https://www.amazon.com/VENUZOR-Waist-Trainer-Belt-Women/dp/B0782TSJRT/ref=zg_bs_fashion_25?_encoding=UTF8&psc=1&refRID=M4P7EFK0DWPMB3G1P3S6,B0782TSJRT,,,1587710744.621263,"{'name': 'fashion', 'url': 'https://www.amazon.com/Best-Sellers/zgbs/fashion/'}",1.0
https://www.amazon.com/AMiERY-Pajamas-Womens-Drawstring-Palazzo/dp/B073P8H9QG/ref=zg_bs_fashion_37?_encoding=UTF8&psc=1&refRID=M4P7EFK0DWPMB3G1P3S6,B073P8H9QG,,,1587710744.632825,"{'name': 'fashion', 'url': 'https://www.amazon.com/Best-Sellers/zgbs/fashion/'}",1.0
https://www.amazon.com/Seamless-Protection-Headwear-Festival-Motorcycle/dp/B0875KCPC5/ref=zg_bs_fashion_27?_encoding=UTF8&psc=1&refRID=M4P7EFK0DWPMB3G1P3S6,B0875KCPC5,,,1587710744.643535,"{'name': 'fashion', 'url': 'https://www.amazon.com/Best-Sellers/zgbs/fashion/'}",1.0
https://www.amazon.com/Crocs-Kids-Crocband-Smoke-Toddler/dp/B01HEXGDII/ref=zg_bs_fashion_30?_encoding=UTF8&psc=1&refRID=M4P7EFK0DWPMB3G1P3S6,B01HEXGDII,,,1587710744.654171,"{'name': 'fashion', 'url': 'https://www.amazon.com/Best-Sellers/zgbs/fashion/'}",1.0
https://www.amazon.com/Hanes-Womens-T-Shirt-Small-Black/dp/B00KRYLG7U/ref=zg_bs_fashion_22?_encoding=UTF8&psc=1&refRID=M4P7EFK0DWPMB3G1P3S6,B00KRYLG7U,,,1587710744.664574,"{'name': 'fashion', 'url': 'https://www.amazon.com/Best-Sellers/zgbs/fashion/'}",1.0
https://www.amazon.com/Achiou-Mask-Dust-Protection-Lightweight-Breathable/dp/B07T2MD442/ref=zg_bs_fashion_9?_encoding=UTF8&psc=1&refRID=M4P7EFK0DWPMB3G1P3S6,B07T2MD442,,,1587710744.67509,"{'name': 'fashion', 'url': 'https://www.amazon.com/Best-Sellers/zgbs/fashion/'}",1.0
